ID-Nummer,UUID-Nummer,Gruppe,BAUMATERIALIEN,"ID-Nummer
Entsorgung",Entsorgung,Dichte/Masse,Bezug,UBP Total,UBP Herstellung,UBP Entsorgung,"PE gesamt, Total","PE gesamt, Herstellung total","PE gesamt, Herstellung energetisch genutzt","PE gesamt, Herstellung stofflich genutzt","PE gesamt, Entsorgung","PE erneuerbar, Total","PE erneuerbar, Herstellung total","PE erneuerbar, Herstellung energetisch genutzt","PE erneuerbar, Herstellung stofflich genutzt","PE erneuerbar, Entsorgung","PE nicht erneuerbar, Total","PE nicht erneuerbar, Herstellung total","PE nicht erneuerbar, Herstellung energetisch genutzt","PE nicht erneuerbar, Herstellung stofflich genutzt","PE nicht erneuerbar, Entsorgung",GWP Total,GWP Entsorgung,GWP Herstellung,Biogener Kohlenstoff,French Name,
00.001,1C0034A0-2E93-4622-AB2F-B6C7BDC0A9A4,Vorbereitungsarbeiten,"Baugrubensicherung, Bohrpfahlwand, gespriesst",91.074,"Entsorgung, Baugrubensicherung, Bohrpfahlwand, gespriesst",-,m2,1300000,1140000,167000,2250,1990,1990,0,257,129,120,120,0,9,2120,1870,1870,0,248,861,801,61,0,"Blindage de fouille, paroi parisienne, étayé","Élimination, blindage de fouille, paroi parisienne, étayé"
00.002,EE35298F-D4F1-4FBF-8F21-914AC601204F,Vorbereitungsarbeiten,"Baugrubensicherung, Bohrpfahlwand, unverankert",91.075,"Entsorgung, Baugrubensicherung, Bohrpfahlwand, unverankert",-,m2,1230000,1070000,167000,2050,1800,1800,0,257,114,105,105,0,9,1940,1690,1690,0,248,821,761,61,0,"Blindage de fouille, paroi parisienne, flottant","Élimination, blindage de fouille, paroi parisienne, flottant"
00.003,E6266550-4DA7-4AC1-9967-35D378CCA917,Vorbereitungsarbeiten,"Baugrubensicherung, Bohrpfahlwand, verankert",91.076,"Entsorgung, Baugrubensicherung, Bohrpfahlwand, verankert",-,m2,846000,735000,111000,1490,1320,1320,0,170,103,97,97,0,6,1390,1230,1230,0,164,535,495,40,0,"Blindage de fouille, paroi parisienne, fixe","Élimination, blindage de fouille, paroi parisienne, fixe"
00.004,B49F5C35-D26E-4EBD-9736-51937285D583,Vorbereitungsarbeiten,"Baugrubensicherung, Nagelwand",91.077,"Entsorgung, Baugrubensicherung, Nagelwand",-,m2,188000,164000,24300,319,282,282,0,37,23,21,21,0,1,297,261,261,0,36,121,112,9,0,"Blindage de fouille, paroi clouée","Élimination, blindage de fouille, paroi clouée"
00.005,F0E2CA61-381A-42B0-9331-F3A3B092171A,Vorbereitungsarbeiten,"Baugrubensicherung, Ruehlwand, auskragend",91.078,"Entsorgung, Baugrubensicherung, Ruehlwand, auskragend",-,m2,436000,397000,39000,982,922,922,0,60,107,105,105,0,2,874,817,817,0,58,270,256,14,0,"Blindage de fouille, paroi berlinoise, en porte-à-faux","Élimination, blindage de fouille, paroi berlinoise, en porte-à-faux"
00.006,FB6C7A79-69B2-4F61-A8D9-FAD72DBB5ACD,Vorbereitungsarbeiten,"Baugrubensicherung, Ruehlwand, gespriesst",91.079,"Entsorgung, Baugrubensicherung, Ruehlwand, gespriesst",-,m2,305000,282000,22800,683,648,648,0,35,47,45,45,0,1,637,603,603,0,34,187,178,8,0,"Blindage de fouille, paroi berlinoise, étayé","Élimination, blindage de fouille, paroi berlinoise, étayé"
00.007,4E562FDF-A73E-4E7E-8C56-B7B5068A19EC,Vorbereitungsarbeiten,"Baugrubensicherung, Ruehlwand, verankert",91.08,"Entsorgung, Baugrubensicherung, Ruehlwand, verankert",-,m2,319000,292000,26400,686,646,646,0,40,45,44,44,0,1,641,602,602,0,39,197,187,10,0,"Blindage de fouille, paroi berlinoise, fixe","Élimination, blindage de fouille, paroi berlinoise, fixe"
00.008,F4CB3C0F-DD23-4821-9DAC-7CBFB57B2AD1,Vorbereitungsarbeiten,"Baugrubensicherung, Schlitzwand, 400 mm",91.081,"Entsorgung, Baugrubensicherung, Schlitzwand, 400mm",-,m2,777000,693000,84200,1250,1120,1120,0,129,89,84,84,0,5,1160,1040,1040,0,124,423,393,30,0,"Blindage de fouille, paroi moulée, 400 mm","Élimination, blindage de fouille, paroi moulée, 400 mm"
00.009,8F0DDE0F-57FE-4A5E-9A52-70803B0774C6,Vorbereitungsarbeiten,"Baugrubensicherung, Schlitzwand, 800 mm",91.082,"Entsorgung, Baugrubensicherung, Schlitzwand, 800mm",-,m2,1380000,1210000,166000,2250,2000,2000,0,254,168,159,159,0,9,2080,1840,1840,0,245,809,749,60,0,"Blindage de fouille, paroi moulée, 800 mm","Élimination, blindage de fouille, paroi moulée, 800 mm"
00.010,650E9E9A-4709-4780-BA84-460617AE70A0,Vorbereitungsarbeiten,"Baugrubensicherung, Spundwand, auskragend",91.083,"Entsorgung, Baugrubensicherung, Spundwand, auskragend",-,m2,287000,285000,1690,776,771,771,0,4,44,44,44,0,0,732,727,727,0,4,169,168,1,0,"Blindage de fouille, paroi de palplanche, en porte-à-faux","Élimination, blindage de fouille, paroi de palplanche, en porte-à-faux"
00.011,53A125FB-F71E-4A1A-9191-DE111E0DF8C0,Vorbereitungsarbeiten,"Baugrubensicherung, Spundwand, gespriesst",91.084,"Entsorgung, Baugrubensicherung, Spundwand, gespriesst",-,m2,162000,161000,926,437,434,434,0,2,24,24,24,0,0,412,410,410,0,2,96,95,1,0,"Blindage de fouille, paroi de palplanche, étayé","Élimination, blindage de fouille, paroi de palplanche, étayé"
00.012,9AA11301-7957-4139-BC09-9F57072238EC,Vorbereitungsarbeiten,"Baugrubensicherung, Spundwand, verankert",91.085,"Entsorgung, Baugrubensicherung, Spundwand, verankert",-,m2,321000,315000,5450,846,836,836,0,10,53,53,53,0,0,793,783,783,0,10,187,185,2,0,"Blindage de fouille, paroi de palplanche, fixe","Élimination, blindage de fouille, paroi de palplanche, fixe"
00.013,B4015EF4-695C-47BF-9CD8-A8AF5CE3C0CB,Vorbereitungsarbeiten,"Tiefgruendung, Mikrobohrpfahl",91.086,"Entsorgung, Tiefgruendung, Mikrobohrpfahl",-,m,52500,52500,0,118,118,118,0,0,8,8,8,0,0,110,110,110,0,0,31,31,0,0,"Fondations profondes, micropieu ","Élimination, fondations profondes, micropieu"
00.014,D6B4CD48-CFD0-45DD-8F39-F2877B8DE652,Vorbereitungsarbeiten,"Tiefgruendung, Ortbetonbohrpfahl, 700 mm",91.087,"Entsorgung, Tiefgruendung, Ortbetonbohrpfahl, 700mm",-,m,258000,258000,0,395,395,395,0,0,28,28,28,0,0,367,367,367,0,0,163,163,0,0,"Fondations profondes, pieu coulé sur site, 700 mm","Élimination, fondations profondes, pieu coulé sur site, 700 mm"
00.015,EE463E2C-FAD4-4183-BBDF-A8E1FA456B32,Vorbereitungsarbeiten,"Tiefgruendung, Ortbetonbohrpfahl, 900 mm",91.088,"Entsorgung, Tiefgruendung, Ortbetonbohrpfahl, 900mm",-,m,377000,377000,0,549,549,549,0,0,44,44,44,0,0,505,505,505,0,0,244,244,0,0,"Fondations profondes, pieu coulé sur site, 900 mm","Élimination, fondations profondes, pieu coulé sur site, 900 mm"
00.016,DEED59B5-BB81-4104-9BAE-D78266DC439E,Vorbereitungsarbeiten,"Tiefgruendung, Ortbetonbohrpfahl, 1200 mm",91.089,"Entsorgung, Tiefgruendung, Ortbetonbohrpfahl, 1200mm",-,m,579000,579000,0,820,820,820,0,0,69,69,69,0,0,751,751,751,0,0,379,379,0,0,"Fondations profondes, pieu coulé sur site, 1200 mm","Élimination, fondations profondes, pieu coulé sur site, 1200 mm"
00.017,13247483-F3F9-449C-87D0-6B956AB03E50,Vorbereitungsarbeiten,"Tiefgruendung, Ortbetonverdraengungspfahl 560/480 mm",91.09,"Entsorgung, Tiefgruendung, Ortbetonverdraengungspfahl 560/480mm",-,m,122000,122000,0,229,229,229,0,0,13,13,13,0,0,215,215,215,0,0,76,76,0,0,"Fondations profondes, pieux forés vissés, 560/480 mm","Élimination, fondations profondes, pieux forés vissés, 560/480 mm"
00.018,26ED1BEC-5B9B-4820-8481-A544231F80EE,Vorbereitungsarbeiten,"Tiefgruendung, Ortbetonverdraengungspfahl 660/580 mm",91.091,"Entsorgung, Tiefgruendung, Ortbetonverdraengungspfahl 660/580mm",-,m,153000,153000,0,274,274,274,0,0,18,18,18,0,0,256,256,256,0,0,96,96,0,0,"Fondations profondes, pieux forés vissés, 660/580 mm","Élimination, fondations profondes, pieux forés vissés, 660/580 mm"
00.019,4EACB020-C81C-482A-8817-F3DE92E1F6D6,Vorbereitungsarbeiten,"Tiefgruendung, Ruettelstopfsaeule",91.092,"Entsorgung, Tiefgruendung, Ruettelstopfsaeule",-,m,30800,30800,0,30,30,30,0,0,2,2,2,0,0,29,29,29,0,0,7,7,0,0,"Fondations profondes, colonnes ballastées","Élimination, fondations profondes, colonnes ballastées"
00.020,4FE800F8-909C-4102-9E3F-525A7AD89DCE,Vorbereitungsarbeiten,"Tiefgruendung, Vorgefertigter Betonpfahl",91.093,"Entsorgung, Tiefgruendung, Vorgefertigter Betonpfahl",-,m,44600,44600,0,64,64,64,0,0,5,5,5,0,0,59,59,59,0,0,29,29,0,0,"Fondations profondes, pieu en béton préfabriqué","Élimination, fondations profondes, pieu en béton préfabriqué"
00.021,85D42D88-963C-488B-B94E-C9FD0985CF27,Vorbereitungsarbeiten,"Wasserhaltung, Pumphoehe 2.5 m",91.094,"Entsorgung, Wasserhaltung, Pumphoehe 2.5m",-,m3,21,21,0,0,0,0,0,0,0,0,0,0,0,0,0,0,0,0,0,0,0,0,"Épuisement des eaux, hauteur de refoulement, 2,5 m","Élimination, épuisement des eaux, hauteur de refoulement, 2,5 m"
00.022,3058E4BA-F5B1-42AF-8905-745801085D2B,Vorbereitungsarbeiten,"Wasserhaltung, Pumphoehe 5 m",91.095,"Entsorgung, Wasserhaltung, Pumphoehe 5m",-,m3,25,25,0,0,0,0,0,0,0,0,0,0,0,0,0,0,0,0,0,0,0,0,"Épuisement des eaux, hauteur de refoulement, 5 m","Élimination, épuisement des eaux, hauteur de refoulement, 5 m"
00.023,50066F27-9A16-4226-9BD9-6C53C61B330B,Vorbereitungsarbeiten,"Wasserhaltung, Pumphoehe 7.5 m",91.096,"Entsorgung, Wasserhaltung, Pumphoehe 7.5m",-,m3,29,29,0,0,0,0,0,0,0,0,0,0,0,0,0,0,0,0,0,0,0,0,"Épuisement des eaux, hauteur de refoulement, 7,5 m","Élimination, épuisement des eaux, hauteur de refoulement, 7,5 m"
00.024,AA3FB687-B165-4723-8F83-3389DE7747B7,Vorbereitungsarbeiten,"Wasserhaltung, Pumphoehe 10 m",91.097,"Entsorgung, Wasserhaltung, Pumphoehe 10m",-,m3,33,33,0,0,0,0,0,0,0,0,0,0,0,0,0,0,0,0,0,0,0,0,"Épuisement des eaux, hauteur de refoulement, 10 m","Élimination, épuisement des eaux, hauteur de refoulement, 10 m"
01.001,A05F4D90-D030-49B6-A08A-BAD5228E3552,Beton,Magerbeton (ohne Bewehrung),91.061,"Entsorgung, Beton",2150,kg,104,68.8,35.4,0.138,0,0,0,0,0.01,0,0,0,0,0.128,0,0,0,0,0.0628,0.0502,0.0126,0,Béton maigre (sans armature),"Élimination, béton"
01.002,E13EE05E-FD34-4FB5-A178-0FC4164A96F2,Beton,Hochbaubeton (ohne Bewehrung),91.061,"Entsorgung, Beton",2300,kg,153,118,35.2,0.189,0,0,0,0,0.015,0,0,0,0,0.175,0,0,0,0,0.101,0.0887,0.0126,0,Béton pour bâtiment (sans armature),"Élimination, béton"
01.003,6704A56E-25F3-4DD0-8890-EC2E2A0D4B9C,Beton,Tiefbaubeton (ohne Bewehrung),91.061,"Entsorgung, Beton",2350,kg,163,128,35.1,0.205,0,0,0,0,0.016,0,0,0,0,0.189,0,0,0,0,0.109,0.096,0.0125,0,Béton pour travaux de génie civil (sans armature),"Élimination, béton"
01.004,4EBAA5FE-7F18-443E-A05A-08185A6165D0,Beton,Bohrpfahlbeton (ohne Bewehrung),91.061,"Entsorgung, Beton",2325,kg,174,139,35.1,0.214,0,0,0,0,0.017,0,0,0,0,0.197,0,0,0,0,0.119,0.106,0.0125,0,Béton pour pieux (sans armature),"Élimination, béton"
01.041,3A51918F-AB60-4CE7-A771-A10C3266684A,Beton,"Betonfertigteil, hochfester Beton, ab Werk",91.061,"Entsorgung, Beton",2770,kg,440,409,31,0.771,1,1,0,0,0.074,0,0,0,0,0.697,1,1,0,0,0.276,0.265,0.0111,0,"Élément préfabriqué en béton, béton à hautes performances, sortie d'usine","Élimination, béton"
01.042,F6DCDEFA-AFE6-44CB-8B68-3527ABFDC011,Beton,"Betonfertigteil, Normalbeton, ab Werk",91.061,"Entsorgung, Beton",2500,kg,282,248,33.9,0.526,0,0,0,0,0.094,0,0,0,0,0.432,0,0,0,0,0.177,0.165,0.0121,0,"Élément préfabriqué en béton, béton normal, sortie d'usine","Élimination, béton"
01.043,DD16B81F-E498-48D6-9754-A1E95558BFFE,Beton,Hanfbeton,91.073,"Entsorgungsmix, Hanfbeton",600,kg,665,663,1.7,1.86,2,1,1,0,0.899,1,0,0.839,0,0.959,1,1,0,0,0.324,0.324,0.00007,0,Béton chaux-chanvre,"Élimination, béton chaux-chanvre"
01.043.01,b05c4b9b-b749-4f50-a92b-98713a494220,Beton,"Hanfbeton, ARBIO",91.073,"Entsorgungsmix, Hanfbeton",600,kg,639,638,2,1.8,2,1,1,0,0.9,0.9,0,0.839,0,0.9,0.9,1,0,0,0.31,0.312,0,0.06,"Béton chaux-chanvre, ARBIO","Élimination, béton chaux-chanvre"
02.001,958BA083-03C8-4336-BFC5-0DB5B6BC1B43,Mauersteine,Backstein,91.136,"Entsorgung, Baumaterialien, mineralisch, unspezifisch",900,kg,371,328,42.5,0.87,1,1,0,0,0.08,0,0,0,0,0.79,1,1,0,0,0.266,0.254,0.0127,0,Brique en terre cuite,"Élimination, matériaux de construction, minéral, non spécifique"
02.001.01,555E9A89-95DF-4C98-BC55-879B4C7E4BFE,Mauersteine,"Backstein, perlitgefuellt, zzwancor",91.136,"Entsorgung, Baumaterialien, mineralisch, unspezifisch",575,kg,420,378,43,1,1,1,0,0,0.1,0,0,0,0,0.9,1,1,0,0.1,0.28,0.27,0.01,0,"Brique en terre cuite, remplie de perlite, zz wancor","Élimination, matériaux de construction, minéral, non spécifique"
02.002,17BF48A3-72AD-4EBB-A2DE-3256129F7031,Mauersteine,Kalksandstein,91.136,"Entsorgung, Baumaterialien, mineralisch, unspezifisch",1400,kg,258,215,42.5,0.43,0,0,0,0,0.04,0,0,0,0,0.39,0,0,0,0,0.162,0.149,0.0127,0,Grès,"Élimination, matériaux de construction, minéral, non spécifique"
02.002.01,564C9F25-EE8A-4799-A049-6D26DF586F05,Mauersteine,"Kalksandstein, FBB",91.136,"Entsorgung, Baumaterialien, mineralisch, unspezifisch",1200-2000,kg,196,153,43,0.4,0.3,0,0,0.1,0,0,0,0,0,0.3,0.3,0,0,0.1,0.12,0.102,0.01,0,"Grès, FBB","Élimination, matériaux de construction, minéral, non spécifique"
02.002.02,adbada8c-108b-4869-a098-bc2cda5c5929,Mauersteine,"Kalksandstein, Hunziker Kalksandstein AG",91.136,"Entsorgung, Baumaterialien, mineralisch, unspezifisch",1200-2000,kg,190,148,43,0.3,0.2,0,0,0.1,0,0,0,0,0,0.3,0.2,0,0,0.1,0.11,0.094,0.01,0,"Grès, Hunziker Kalksandstein AG","Élimination, matériaux de construction, minéral, non spécifique"
02.003,45766F6B-BC17-4725-B939-23AA76838736,Mauersteine,Leichtlehmstein,91.136,"Entsorgung, Baumaterialien, mineralisch, unspezifisch",700,kg,353,311,42.5,1.56,2,2,0,0,0.79,1,1,0,0,0.76,1,1,0,0,0.18,0.167,0.0127,0,Brique en argile légère,"Élimination, matériaux de construction, minéral, non spécifique"
02.004,2DEEC4B0-D3FE-4124-A08A-0DD398A65220,Mauersteine,"Leichtzementstein, Blaehton",91.136,"Entsorgung, Baumaterialien, mineralisch, unspezifisch",1200,kg,609,566,42.5,1.48,1,1,0,0,0.06,0,0,0,0,1.42,1,1,0,0,0.428,0.415,0.0127,0,Pierre en béton léger: argile expansée,"Élimination, matériaux de construction, minéral, non spécifique"
02.005,27B5089E-6003-4920-991A-0BCC005B9434,Mauersteine,"Leichtzementstein, Naturbims",91.136,"Entsorgung, Baumaterialien, mineralisch, unspezifisch",1200,kg,322,280,42.5,0.4,0,0,0,0,0.04,0,0,0,0,0.36,0,0,0,0,0.212,0.2,0.0127,0,Pierre en béton léger: pierre ponce naturelle,"Élimination, matériaux de construction, minéral, non spécifique"
02.006,406B9ED4-C9C0-41E2-B945-7844C7313250,Mauersteine,Porenbetonstein,91.136,"Entsorgung, Baumaterialien, mineralisch, unspezifisch",500,kg,573,531,42.5,0.93,1,1,0,0,0.07,0,0,0,0,0.86,1,1,0,0,0.426,0.413,0.0127,0,Béton cellulaire,"Élimination, matériaux de construction, minéral, non spécifique"
02.007,69524911-E277-4B29-827D-B8475E4D8C23,Mauersteine,Zementstein,91.136,"Entsorgung, Baumaterialien, mineralisch, unspezifisch",1700,kg,214,172,42.5,0.25,0,0,0,0,0.03,0,0,0,0,0.225,0,0,0,0,0.126,0.114,0.0127,0,Plot de ciment,"Élimination, matériaux de construction, minéral, non spécifique"
02.007.01,288A84C2-129A-431D-B135-7F7A3F9D0CBD,Mauersteine,"Erdstein, aus gepresster Erde, Terrabloc",91.177.01,"Entsorgung, Erdstein, aus gepresster Erde, Terrabloc",1850,kg,136,84,52,0.2,0,0,0,0,0,0,0,0,0,0.1,0.1,0,0,0,0.06,0.054,0,0,"Bloc de terre compressé, terrabloc","Élimination, pierre de terre, en terre comprimée, Terrabloc"
02.007.02,276ac558-09e7-4a6d-b6d8-5643d08bcf9b,Mauersteine,"Hanfsteine, Schoenthaler AG",91.176.01,"Entsorgung, Hanfsteine, Schoenthaler AG",300,kg,824,751,72,3.7,4,2,2,0,1.8,2,0,2,0,1.9,1.8,2,0,0.1,0.37,0.338,0.03,0.15,"Pierres de chanvre, Schoenthaler AG","Élimination, pierres de chanvre, Schoenthaler AG"
03.021,fc996053-6ce2-4be3-a99f-42fb01b5d1ce,Andere Massivbaustoffe,Betongranulat,91.062,"Entsorgung, Kies und Sand",2500,kg,43,3,40.2,0.07,0,0,0,0,0,0,0,0,0,0.06,0,0,0,0,0.014,0.001,0.0126,0,Granulés de béton,"Élimination, gravier et sable"
03.001,D00BA00E-D63B-4109-ADC0-4D9A3367734D,Andere Massivbaustoffe,Betonziegel,91.136,"Entsorgung, Baumaterialien, mineralisch, unspezifisch",2300,kg,326,284,42.5,0.51,0,0,0,0,0.04,0,0,0,0,0.47,0,0,0,0,0.209,0.196,0.0127,0,Tuiles en béton,"Élimination, matériaux de construction, minéral, non spécifique"
03.002,8873B601-8644-4FF4-B2CF-042546B8500D,Andere Massivbaustoffe,Faserzement-Dachschindel,91.137,"Entsorgung, Faserzement",1800,kg,1100,1030,67.8,2.7,3,3,0,0,0.5,0,0,0,0,2.16,2,2,0,0,0.699,0.686,0.0132,0,Bardeau de fibrociment,"Élimination, ciment à fibres"
03.003,EC993875-136D-4857-B06E-BB581EA9DA43,Andere Massivbaustoffe,Faserzementplatte gross,91.137,"Entsorgung, Faserzement",1800,kg,1510,1450,67.8,3.5,3,3,0,0,0.6,1,1,0,0,2.9,3,3,0,0,1.03,1.02,0.0132,0,"Dalle de fibrociment, grande","Élimination, ciment à fibres"
03.004,08C9C771-82D9-4925-8E06-39A4367A8370,Andere Massivbaustoffe,Faserzement-Wellplatte,91.137,"Entsorgung, Faserzement",1800,kg,1060,991,67.8,2.33,2,2,0,0,0.55,1,1,0,0,1.78,2,2,0,0,0.649,0.636,0.0132,0,Plaque ondulée en fibrociment,"Élimination, ciment à fibres"
03.005,9304338C-8D4A-4EE3-B1A2-43977ADA18A4,Andere Massivbaustoffe,Flachglas beschichtet,91.032,"Entsorgung, Flachglas",2500,kg,1990,1920,68.8,4.9,5,5,0,0,0.3,0,0,0,0,4.6,5,5,0,0,1.2,1.18,0.0191,0,"Verre plat, enduit","Élimination, verre plat"
03.006,8A03A7D4-FB51-48D0-BA86-9D13EE70A0D9,Andere Massivbaustoffe,Flachglas unbeschichtet,91.032,"Entsorgung, Flachglas",2500,kg,1790,1720,68.8,4.2,4,4,0,0,0.1,0,0,0,0,4.1,4,4,0,0,1.14,1.12,0.0191,0,"Verre plat, non enduit","Élimination, verre plat"
03.007,45BEA46B-47E9-425F-926C-AEB31CB4A09D,Andere Massivbaustoffe,Gipsfaserplatte,91.063,"Entsorgung, Gipsfaserplatte",1200,kg,873,801,71.4,2.57,2,2,0,0,0.1,0,0,0,0,2.47,2,2,0,0,0.552,0.533,0.0186,0,Plaque de plâtre armé de fibres,"Élimination, plaque de plâtre armé de fibres"
03.008,38A83C73-92BD-492B-B435-97332A84863E,Andere Massivbaustoffe,Gipskartonplatte,91.064,"Entsorgung, Gipskartonplatte",850,kg,523,452,71.7,1.42,1,1,0,0,0.09,0,0.08,0,0,1.33,1,1,0,0,0.301,0.283,0.0187,0,Plaque de plâtre cartonnée,"Élimination, plaque de plâtre cartonné"
03.016,DB2B00A9-DBF6-CA2A-BAC1-9BCCE4E4846A,Andere Massivbaustoffe,Gips-Wandbauplatte / Vollgipsplatte,91.069,"Entsorgung, Gips-Wandbauplatte / Vollgipsplatte",1000,kg,531,459,71.3,1.48,1,1,0,0,0.03,0,0,0,0,1.45,1,1,0,0,0.317,0.298,0.0185,0,Blocs de gypse / plâtre massif,"Élimination, plaque de plâtre murale / plaque de plâtre massif"
03.023,a3868d35-8eaf-47d0-be53-2f7e988a1cce,Andere Massivbaustoffe,Glasfaserbeton,91.061,"Entsorgung, Beton",,,,,,,,,,,,,,,,,,,,,,,,,Composite ciment-verre,"Élimination, béton"
03.023.01,3c956888-cdbf-42fa-8759-172ed1f7822d,Andere Massivbaustoffe,Glasfaserbeton Ecomur,91.061,"Entsorgung, Beton",2240,kg,1336,1300,35.9,2.71,3,3,0,0,0.51,1,1,0,0,2.2,2,2,0,0,0.886,0.873,0.0128,0,Composite ciment-verre Ecomur,"Élimination, béton"
03.009,B787C33A-9D88-414E-84DE-3E087E3639ED,Andere Massivbaustoffe,Hartsandsteinplatte,91.136,"Entsorgung, Baumaterialien, mineralisch, unspezifisch",2500,kg,112,69.2,42.5,0.32,0,0,0,0,0.05,0,0,0,0,0.28,0,0,0,0,0.0406,0.0279,0.0127,0,Plaque de grès dur,"Élimination, matériaux de construction, minéral, non spécifique"
03.017,8FE3FD69-2400-4DC4-933B-E91CDE601165,Andere Massivbaustoffe,Kalksteinplatte,91.136,"Entsorgung, Baumaterialien, mineralisch, unspezifisch",2500,kg,141,98.3,42.5,0.37,0,0,0,0,0.03,0,0,0,0,0.34,0,0,0,0,0.0736,0.061,0.0127,0,Plaque de calcaire dur,"Élimination, matériaux de construction, minéral, non spécifique"
03.010,8B49329A-8573-47FC-8D1A-9F2E4640C4E6,Andere Massivbaustoffe,Keramik-/Steinzeugplatte,91.136,"Entsorgung, Baumaterialien, mineralisch, unspezifisch",2600,kg,4100,4060,42.5,3.9,4,4,0,0,0.2,0,0,0,0,3.7,4,4,0,0,0.793,0.78,0.0127,0,Dalle de céramique/grès,"Élimination, matériaux de construction, minéral, non spécifique"
03.011,1300707C-F4F2-4FDC-AF3B-E31F5840F18E,Andere Massivbaustoffe,Kies gebrochen,91.062,"Entsorgung, Kies und Sand",2000,kg,64.8,24.6,40.2,0.092,0,0,0,0,0.008,0,0,0,0,0.085,0,0,0,0,0.0176,0.005,0.0126,0,Gravier concassé,"Élimination, gravier et sable"
03.022,805e0a9f-a660-4446-b7df-f9c3b43824c2,Andere Massivbaustoffe,Mischgranulat,91.062,"Entsorgung, Kies und Sand",2400,kg,41,0.8,40.2,0.055,0,0,0,0,0.002,0,0,0,0,0.053,0,0,0,0,0.0133,0.00071,0.0126,0,Granulés pour mélange,"Élimination, gravier et sable"
03.012,1A0D933D-B136-4441-B98F-6E6FFD1DFDD8,Andere Massivbaustoffe,Rundkies,91.062,"Entsorgung, Kies und Sand",2000,kg,59.4,19.2,40.2,0.072,0,0,0,0,0.004,0,0,0,0,0.068,0,0,0,0,0.0157,0.00305,0.0126,0,Gravier rond,"Élimination, gravier et sable"
03.013,B6F7B71D-25CE-45F6-BA5A-1A786AC69E0B,Andere Massivbaustoffe,Sand,91.062,"Entsorgung, Kies und Sand",2000,kg,59.4,19.2,40.2,0.072,0,0,0,0,0.004,0,0,0,0,0.068,0,0,0,0,0.0157,0.00305,0.0126,0,Sable,"Élimination, gravier et sable"
03.014,A5A3BA1D-7F7F-4677-9E1C-3545B9DF79BA,Andere Massivbaustoffe,Sanitaerkeramik,91.136,"Entsorgung, Baumaterialien, mineralisch, unspezifisch",2000,kg,4680,4640,42.5,11.5,11,11,0,0,0.4,0,0,0,0,11.1,11,11,0,0,2.38,2.37,0.0127,0,Céramique sanitaire,"Élimination, matériaux de construction, minéral, non spécifique"
03.020,D3586070-8058-4A67-BC89-68508822DA21,Andere Massivbaustoffe,Stampflehm,91.136,"Entsorgung, Baumaterialien, mineralisch, unspezifisch",2000,kg,80,32,48.2,0.1,0,0,0,0,0,0,0,0,0,0.1,0,0,0,0,0.02,0.02,0.00115,0,Mur en pisé,"Élimination, matériaux de construction, minéral, non spécifique"
03.015,84E2D4F6-D61F-4EDF-9D13-7DA1543A7887,Andere Massivbaustoffe,Tonziegel,91.138,"Entsorgung, Ziegel",1700,kg,514,479,35.6,1.15,1,1,0,0,0.03,0,0,0,0,1.11,1,1,0,0,0.385,0.373,0.0127,0,Tuile en terre cuite,"Élimination des déchets, briques"
04.008,FA96A840-32DF-4C9A-935F-19037F653A62,Moertel und Putze,Baukleber/Einbettmoertel mineralisch,91.139,"Entsorgung, Moertel, Putze",1400,kg,632,590,42.5,1.7,2,2,0,0,0.17,0,0,0,0,1.53,1,1,0,0,0.406,0.393,0.0127,0,Colle de construction/mortier d'enrobage minéral(e) ,"Élimination, mortier, crépi"
04.010,985B3DC3-846D-49CE-9067-8F50B4FE70D7,Moertel und Putze,Baukleber/Einbettmoertel mineralisch Leichtzuschlag,91.139,"Entsorgung, Moertel, Putze",1100,kg,637,595,42.5,1.76,2,2,0,0,0.15,0,0,0,0,1.61,2,2,0,0,0.426,0.414,0.0127,0,Colle de construction/mortier d'enrobage minéral(e) avec agrégats légers,"Élimination, mortier, crépi"
04.002,3A9DAB99-F63E-4DC7-9D95-2789F2A46143,Moertel und Putze,Baukleber/Einbettmoertel organisch,91.139,"Entsorgung, Moertel, Putze",1670,kg,1390,1350,42.5,4.3,4,4,0,0,0.2,0,0,0,0,4.2,4,4,0,0,0.78,0.76,0.0127,0,Colle de construction/mortier d'enrobage biologique,"Élimination, mortier, crépi"
04.017,BE39AA2B-67C3-4306-AD5D-5261E43D632D,Moertel und Putze,Gips-Kalk-Putz,91.139,"Entsorgung, Moertel, Putze",925,kg,251,209,42.5,0.74,1,1,0,0,0.06,0,0,0,0,0.67,1,1,0,0,0.158,0.145,0.0127,0,Enduit en plâtre et chaux,"Élimination, mortier, crépi"
04.001,76D9CFC6-6174-4644-829E-1020C95D5322,Moertel und Putze,Gips-/Weissputz,91.139,"Entsorgung, Moertel, Putze",1100,kg,241,199,42.5,0.7,1,1,0,0,0.1,0,0,0,0,0.7,1,1,0,0,0.15,0.14,0.0127,0,Enduit minéral,"Élimination, mortier, crépi"
04.003,D4AB5F70-61BE-4668-8A2C-FF1C755A1728,Moertel und Putze,Kunststoffputz (Dispersionsputz),91.139,"Entsorgung, Moertel, Putze",1540,kg,1740,1700,42.5,5.44,5,5,1,0,0.24,0,0,0,0,5.2,5,4,1,0,0.97,0.957,0.0127,0,Crépi synthétique (enduit de dispersion),"Élimination, mortier, crépi"
04.013,9BD4C9E4-4499-4215-9215-2EF12370ACE6,Moertel und Putze,Kalk-Zement/Zement-Kalk-Putz,91.139,"Entsorgung, Moertel, Putze",1550,kg,395,353,42.5,0.85,1,1,0,0,0.14,0,0,0,0,0.72,1,1,0,0,0.263,0.251,0.0127,0,Enduit en plâtre et en ciment,"Élimination, mortier, crépi"
04.004,412F0DEF-2F16-4D81-95CF-2A7394086B28,Moertel und Putze,Lehmputz,91.139,"Entsorgung, Moertel, Putze",1800,kg,96.1,53.7,42.5,0.191,0,0,0,0,0.019,0,0,0,0,0.172,0,0,0,0,0.032,0.02,0.0127,0,Enduit de glaise,"Élimination, mortier, crépi"
04.015,A8D1862B-6EEC-48B6-83BC-8EFACE342122,Moertel und Putze,Leichtputz mineralisch,91.139,"Entsorgung, Moertel, Putze",1000,kg,574,531,42.5,1.39,1,1,0,0,0.16,0,0,0,0,1.23,1,1,0,0,0.372,0.36,0.0127,0,Enduit de glaise minérale,"Élimination, mortier, crépi"
04.011,868CB13D-7EF0-454B-B4FD-AE2B04538206,Moertel und Putze,Silikatputz (Dispersionssilikatputz),91.139,"Entsorgung, Moertel, Putze",1880,kg,1880,1840,42.5,5.76,6,6,0,0,0.28,0,0,0,0,5.49,5,5,0,0,1.08,1.07,0.0127,0,Crépi silicate (silicate de dispersion),"Élimination, mortier, crépi"
04.012,324E5DE0-FEB1-49C3-9188-F1AA0E119514,Moertel und Putze,Silikonharzputz,91.139,"Entsorgung, Moertel, Putze",1670,kg,2010,1970,42.5,6.45,6,6,0,0,0.36,0,0,0,0,6.09,6,6,0,0,1.14,1.13,0.0127,0,Crépi à la résine de silicone,"Élimination, mortier, crépi"
04.016,333331BA-98CA-49BD-887A-D65AA4D5B2C4,Moertel und Putze,Sumpfkalkputz,91.139,"Entsorgung, Moertel, Putze",1350,kg,745,702,42.5,1.9,2,2,0,0,0.13,0,0,0,0,1.77,2,2,0,0,0.51,0.497,0.0127,0,Enduit à la chaux grasse,"Élimination, mortier, crépi"
04.005,3B956811-9D40-452C-BAC2-FBA122630C43,Moertel und Putze,"Unterlagsboden Anhydrit, 60 mm",91.136,"Entsorgung, Baumaterialien, mineralisch, unspezifisch",2000,kg,215,172,42.5,0.46,0,0,0,0,0.03,0,0,0,0,0.43,0,0,0,0,0.0911,0.0784,0.0127,0,"Chape d'anhydrite, 60 mm","Élimination, matériaux de construction, minéral, non spécifique"
04.006,B0F22D3F-709D-408F-9ACA-1533FA4C7F45,Moertel und Putze,"Unterlagsboden Zement, 85 mm",91.136,"Entsorgung, Baumaterialien, mineralisch, unspezifisch",1850,kg,206,163,42.5,0.27,0,0,0,0,0.04,0,0,0,0,0.23,0,0,0,0,0.12,0.107,0.0127,0,"Chape de ciment, 85 mm","Élimination, matériaux de construction, minéral, non spécifique"
04.007,E68F96C7-984A-47B5-B17C-B2806BD1CF1C,Moertel und Putze,Waermedaemmputz EPS,91.139,"Entsorgung, Moertel, Putze",250,kg,964,921,42.5,1.94,2,1,0,0,0.15,0,0,0,0,1.79,2,1,0,0,0.727,0.714,0.0127,0,Enduit d'isolation thermique EPS,"Élimination, mortier, crépi"
04.014,223F00DA-C2D9-4971-879F-F391648A0155,Moertel und Putze,Weisszementputz,91.139,"Entsorgung, Moertel, Putze",1550,kg,507,464,42.5,1.04,1,1,0,0,0.14,0,0,0,0,0.9,1,1,0,0,0.353,0.341,0.0127,0,Crépi en ciment,"Élimination, mortier, crépi"
04.009,382D5231-E4CF-42D6-B935-D41BA653E3EE,Moertel und Putze,Zementputz,91.139,"Entsorgung, Moertel, Putze",1550,kg,391,348,42.5,0.78,1,1,0,0,0.13,0,0,0,0,0.65,1,1,0,0,0.261,0.248,0.0127,0,Enduit de ciment,"Élimination, mortier, crépi"
05.008,297C8AF9-6B6F-47A2-9F51-A0D37EFCB892,"Fenster, Sonnenschutz, Fassadenverkleidungen","Fassade, Pfosten-Riegel, Alu/Glas 1",91.135,"Entsorgung, Fassade, Pfosten-Riegel, Alu/Glas",-,m2,328000,313000,15500,775,769,769,0,6,72,72,72,0,0,703,698,698,0,5,182,169,13,0,"Façade, à montants et traverses, Alu/Glas","Élimination, façade, à montants et traverses, aluminium/verre"
05.022,5905B6AD-722F-40CB-9877-57D366B4ABF4,"Fenster, Sonnenschutz, Fassadenverkleidungen","Fassadenplatte, Aluverbund, 4 mm",91.103,"Entsorgung, Fassadenplatte, Aluverbund, 4 mm",7.1,m2,74800,66600,8270,216,215,215,0,1,24,24,24,0,0,192,191,191,0,1,43,36,8,0,"Panneau de façade, en aluminium, 4 mm","Élimination, panneau de façade, en aluminium, 4 mm"
05.028,d3cdab2e-988a-4dcf-a9a9-00bda1cfe0ee,"Fenster, Sonnenschutz, Fassadenverkleidungen","Fassadenplatte, Glasfaserbeton",91.061,"Entsorgung, Beton",,,,,,,,,,,,,,,,,,,,,,,,,"Élément de façade, composite ciment-verre","Élimination, béton"
05.028.01,33d095f4-9d1b-4bbb-bd49-2bc99388facd,"Fenster, Sonnenschutz, Fassadenverkleidungen","Fassadenplatte, Glasfaserbeton Ecomur, 15mm",91.061,"Entsorgung, Beton",33.6,m2,44886,43680,1206,91,89,89,0,2,17,17,17,0,0,74,72,72,0,2,30,29,0,0,"Élément de façade, composite ciment-verre Ecomur, 15mm","Élimination, béton"
05.028.02,e87386b1-baac-4021-8cdb-e9588c9cfeaa,"Fenster, Sonnenschutz, Fassadenverkleidungen","Fassadenplatte, Glasfaserbeton Ecomur, 18mm",91.061,"Entsorgung, Beton",40.3,m2,53837,52390,1447,109,107,107,0,2,21,21,21,0,0,89,87,87,0,2,36,35,1,0,"Élément de façade, composite ciment-verre Ecomur, 18mm","Élimination, béton"
05.023,4722E1EF-E1A5-470C-8310-F4DC0300F7F3,"Fenster, Sonnenschutz, Fassadenverkleidungen","Fassadenplatte, Hochdrucklaminatplatte (HPL), 8.1 mm",91.106,"Entsorgung, HPL-Fassadenplatten",11.6,m2,73300,58300,15000,281,278,215,63,3,84,84,47,37,0,198,195,168,27,3,46,33,13,3,"Panneau de façade, stratifié (HPL), 8,1 mm","Élimination, panneaux de façade stratifiés"
05.025,D4B0ECEB-1E00-4A60-A09E-D631A07E2EE3,"Fenster, Sonnenschutz, Fassadenverkleidungen","Fassadenplatte, Kalkstein, 30 mm",91.14,"Entsorgung, Fassade, mineralisch, Kalkstein",78,m2,11000,7670,3310,28,24,24,0,4,2,2,2,0,0,26,22,22,0,4,6,5,1,0,"Panneau de façade, calcaire, 30 mm","Élimination, façade, minéral, calcaire"
05.024,4BA8E23B-3562-494B-87B2-9D891B313B9B,"Fenster, Sonnenschutz, Fassadenverkleidungen","Fassadenplatte, Kunststoff glasfaserverstaerkt (GFK), 1.6 mm",91.071,"Entsorgung, GFK-Fassadenplatte",2.4,m2,31700,25700,6000,79,78,69,9,1,4,4,4,0,0,75,75,66,9,1,22,17,6,0,"Panneau de façade, plastique à renfort de verre (PRV), 1,6 mm","Élimination, panneau de façade renforcé de fibre de verre (PRV)"
05.004,9F6858EE-648D-43AA-A72E-46D8A0B25E11,"Fenster, Sonnenschutz, Fassadenverkleidungen","Fensterrahmen Aluminium 2,5",91.105,"Entsorgung, Gebaeude, Fensterrahmen, Aluminium",-,m2,246000,230000,16200,630,628,628,0,2,77,77,77,0,0,553,551,551,0,2,132,117,15,0,Cadre de fenêtre en aluminium,"Élimination, bâtiment, cadre de fenêtre en aluminium"
05.004.01,A4A06F21-D291-4225-99D1-EAEAAD11A2A3,"Fenster, Sonnenschutz, Fassadenverkleidungen","Fensterrahmen Aluminium, WICLINE 75evo, hergestellt mit Hydro CIRCAL 75R 2,5",91.105.01,"Entsorgung, Gebaeude, Fensterrahmen Aluminium, WICLINE 75evo, hergestellt mit Hydro CIRCAL 75R",-,m2,177000,171000,6240,247,247,247,0,0,53.9,54,54,0,0,193,193,193,0,0.5,55.6,49.6,5.98,0,"Cadre de fenêtre en aluminium, WICLINE 75evo, fabriqué avec Hydro CIRCAL 75R 2","Élimination, bâtiment, cadre de fenêtre en aluminium, WICLINE 75evo, fabriqué avec Hydro CIRCAL 75R"
05.005,E65D5066-3C25-440A-A67B-44AACF067AD5,"Fenster, Sonnenschutz, Fassadenverkleidungen","Fensterrahmen Holz 2,6",91.029,"Entsorgung, Gebaeude, Fensterrahmen, Holz",-,m2,77700,70600,7120,362,360,264,96,2,190,190,104,86,0,172,170,160,10,2,36,30,5.9,8,Cadre de fenêtre en bois,"Élimination, bâtiment, cadre de fenêtre bois"
05.005.01,7fc677ab-2fc6-41f9-a1a0-7524d56ea307,"Fenster, Sonnenschutz, Fassadenverkleidungen","Fensterrahmen Holz, Saphir integral 67/55, G. Baumgartner AG 2,6",91.029.01,"Entsorgung, Gebaeude, Fensterrahmen, Holz, Saphir integral 67/55, G. Baumgartner AG",-,m2,59300,55400,3960,253,252,198,54,1,114,114,67,47,0,139,138,131,7,1,25,22,3.4,4,"Cadre de fenêtre en bois, Saphir intégral 67/55, G. Baumgartner AG 2","Élimination, bâtiment, cadre de fenêtre bois, saphir intégral 67/55, G. Baumgartner SA"
05.006,5D3F1239-2A50-4539-8DEF-341218D0F70A,"Fenster, Sonnenschutz, Fassadenverkleidungen","Fensterrahmen Holz-Metall 2,6",91.03,"Entsorgung, Gebaeude, Fensterrahmen, Holz-Metall",-,m2,134000,125000,8230,479,477,393,84,2,179,179,107,71,0,300,298,286,12,2,66,59,7.1,6,Cadre de fenêtre bois-métal,"Élimination, bâtiment, cadre de fenêtre bois-métal"
05.006.01,11d36a08-6653-4405-bb9e-2dbbd8e71d8e,"Fenster, Sonnenschutz, Fassadenverkleidungen","Fensterrahmen Holz-Metall, Saphir integral 55/55, G. Baumgartner AG 2,6",91.030.01,"Entsorgung, Gebaeude, Fensterrahmen, Holz-Metall, Saphir integral 55/55, G. Baumgartner AG",-,m2,79600,71900,7640,306,304,245,59,1,113,113,70,44,0,193,191,176,15,1,38,31,6.9,4,"Cadre de fenêtre bois-métal, Saphir intégral 55/55, G. Baumgartner AG 2","Élimination, bâtiment, cadre de fenêtre bois, saphir intégral 55/55, G. Baumgartner SA"
05.007,84E9C627-DD03-4A9F-AB74-C19202145195,"Fenster, Sonnenschutz, Fassadenverkleidungen","Fensterrahmen Kunststoff/PVC 2,6",91.031,"Entsorgung, Gebaeude, Fensterrahmen, Plastik",-,m2,115000,103000,11800,343,338,256,81,6,15,15,15,0,0,328,323,242,81,5,63,53,10,0,Cadre en matière synthétique (PVC) 2,"Élimination, bâtiment, cadre de fenêtre plastique"
05.001,F9C5864D-7143-472A-A4CB-7ED4DC0B447F,"Fenster, Sonnenschutz, Fassadenverkleidungen","Isolierverglasung 2-fach, Ug-Wert 1.1 W/m2K, Dicke 24 mm 3",91.042,"Entsorgung, Isolierverglasung 2-fach, Float/ESG, Ug-Wert 1.1 W/m2K, Dicke 24 mm",-,m2,70700,65800,4900,177,174,174,0,3,10,10,10,0,0,167,164,164,0,3,44.3,40.7,3.6,0,"Double vitrage, U<1.1 W/m2K, épaisseur 24 mm 3","Élimination, vitrage isolant 2-IV, verre ESG, U<1.1 W/m2K, 24 mm d'épaisseur"
05.009,7785FAA6-5F71-47CC-8753-2694318F593D,"Fenster, Sonnenschutz, Fassadenverkleidungen","Isolierverglasung 2-fach, Ug-Wert 1.1 W/m2K, Dicke 18 mm 3",91.107,"Entsorgung, Isolierverglasung 2-fach, Ug-Wert 1.1 W/m2K, Dicke 18 mm",-,m2,78900,74800,4090,208,205,205,0,3,13,13,13,0,0,195,192,192,0,3,48.6,45.7,2.84,0,"Double vitrage, U<1.1 W/m2K, épaisseur 18 mm 3","Élimination, double vitrage, U<1.1 W/m2K, épaisseur 18 mm"
05.010,235E295B-72C0-461F-8320-6D07BA2F7021,"Fenster, Sonnenschutz, Fassadenverkleidungen","Isolierverglasung 2-fach, ESG, Ug-Wert 1.1 W/m2K 3",91.042,"Entsorgung, Isolierverglasung 2-fach, Float/ESG, Ug-Wert 1.1 W/m2K, Dicke 24 mm",-,m2,86900,82000,4900,235,232,232,0,3,19,18,18,0,0,216,214,214,0,3,52.1,48.5,3.6,0,"Double vitrage, verre ESG, U<1.1 W/m2K 3","Élimination, vitrage isolant 2-IV, verre ESG, U<1.1 W/m2K, 24 mm d'épaisseur"
05.002,7D185B01-5484-4A8B-A8F5-73CB990EE890,"Fenster, Sonnenschutz, Fassadenverkleidungen","Isolierverglasung 2-fach, VSG, Ug-Wert 1.1 W/m2K 3",91.043,"Entsorgung, Isolierverglasung 2-fach, Float/ESG/VSG, Ug-Wert 1.1 W/m2K",-,m2,128000,119000,8730,345,341,341,0,5,21,21,21,0,0,324,320,320,0,4,79.3,72.6,6.68,0,"Double vitrage, verre VSG, U<1.1 W/m2K 3","Élimination, vitrage isolant 2-IV, verre ESG/VSG, U<1.1 W/m2K,"
05.011,C52C5B31-C765-4594-852A-0894882A8ED1,"Fenster, Sonnenschutz, Fassadenverkleidungen","Isolierverglasung 2-fach, ESG/VSG, Ug-Wert 1.1 W/m2K 3",91.043,"Entsorgung, Isolierverglasung 2-fach, Float/ESG/VSG, Ug-Wert 1.1 W/m2K",-,m2,144000,136000,8730,402,398,398,0,5,29,29,29,0,0,373,369,369,0,4,87,80.4,6.68,0,"Double vitrage, verre ESG/VSG, U<1.1 W/m2K 3","Élimination, vitrage isolant 2-IV, verre ESG/VSG, U<1.1 W/m2K,"
05.003,43101D99-1D7B-4082-B62D-BF509227B57E,"Fenster, Sonnenschutz, Fassadenverkleidungen","Isolierverglasung 3-fach, Ug-Wert 0.5 W/m2K, Dicke 36 mm 3",91.044,"Entsorgung, Isolierverglasung 3-fach, Ug-Wert 0.5 W/m2K, Dicke 36 mm",-,m2,128000,121000,6830,343,338,338,0,4,23,22,22,0,0,320,316,316,0,4,78.3,73.3,4.92,0,"Triple vitrage, U<0.5 W/m2K, épaisseur 36 mm 3","Élimination, vitrage isolant 3-IV, U<0.5 W/m2K, 36 mm d'épaisseur"
05.012,8C429A3C-65E9-423C-BB08-626C4639C97B,"Fenster, Sonnenschutz, Fassadenverkleidungen","Isolierverglasung 3-fach, Ug-Wert 0.6 W/m2K, Dicke 40 mm 3",91.11,"Entsorgung, Isolierverglasung 3-fach, Ug-Wert 0.6 W/m2K, Dicke 40 mm",-,m2,110000,102000,7680,271,267,267,0,4,16,16,16,0,0,255,251,251,0,4,67.8,62.1,5.7,0,"Triple vitrage, U<0.6 W/m2K, épaisseur 40 mm 3","Élimination, triple vitrage, U<0.6 W/m2K, épaisseur 40 mm"
05.013,D6D60F63-0AC6-4F65-A665-23893EFE55EE,"Fenster, Sonnenschutz, Fassadenverkleidungen","Isolierverglasung 3-fach, ESG/ESG, Ug-Wert 0.6 W/m2K 3",91.11,"Entsorgung, Isolierverglasung 3-fach, Ug-Wert 0.6 W/m2K, Dicke 40 mm",-,m2,143000,135000,7680,386,381,381,0,4,33,32,32,0,0,353,349,349,0,4,83.3,77.6,5.7,0,"Triple vitrage, verre ESG/ESG, U<0.6 W/m2K 3","Élimination, triple vitrage, U<0.6 W/m2K, épaisseur 40 mm"
05.014,9D1F01AD-FA63-4F98-AFF3-157F4000D8B3,"Fenster, Sonnenschutz, Fassadenverkleidungen","Isolierverglasung 3-fach, ESG/ESG/ESG, Ug-Wert 0.6 W/m2K 3",91.11,"Entsorgung, Isolierverglasung 3-fach, Ug-Wert 0.6 W/m2K, Dicke 40 mm",-,m2,159000,151000,7680,443,439,439,0,4,41,41,41,0,0,402,398,398,0,4,91.1,85.4,5.7,0,"Triple vitrage, verre ESG/ESG/ESG, U<0.6 W/m2K 3","Élimination, triple vitrage, U<0.6 W/m2K, épaisseur 40 mm"
05.015,14DFC8C9-C915-43A2-AE52-7B78F5948269,"Fenster, Sonnenschutz, Fassadenverkleidungen","Isolierverglasung 3-fach, VSG, Ug-Wert 0.6 W/m2K 3",91.113,"Entsorgung, Isolierverglasung 3-fach, Float/ESG/VSG, Ug-Wert 0.6 W/m2K",-,m2,167000,156000,11500,438,432,432,0,6,27,26,26,0,1,411,406,406,0,5,103,94,8.78,0,"Triple vitrage, verre VSG, U<0.6 W/m2K 3","Élimination, triple vitrage, verre ESG/VSG, U<0.6 W/m2K"
05.016,C17242EF-5C5D-430E-A900-4449A1BC8082,"Fenster, Sonnenschutz, Fassadenverkleidungen","Isolierverglasung 3-fach, ESG/VSG, Ug-Wert 0.6 W/m2K 3",91.113,"Entsorgung, Isolierverglasung 3-fach, Float/ESG/VSG, Ug-Wert 0.6 W/m2K",-,m2,185000,174000,11500,500,494,494,0,6,35,35,35,0,1,464,459,459,0,5,111,103,8.78,0,"Triple vitrage, verre ESG/VSG, U<0.6 W/m2K 3","Élimination, triple vitrage, verre ESG/VSG, U<0.6 W/m2K"
05.020,8A64F51B-96D1-418F-8698-65A2DFC2F6E0,"Fenster, Sonnenschutz, Fassadenverkleidungen",Putztraegerplatte kunstharzgebunden 13 mm,91.116,"Entsorgung, Putztraegerplatte kunstharzgebunden",6.3,m2,16600,16400,268,47.9,48,48,0,0,3.58,4,4,0,0,44.3,44,44,0,0,8.11,8.03,0.0799,0,"Panneau de support de crépis, liant en résine synthétique, 13 mm","Élimination, panneau de support de crépis, liant en résine synthétique"
05.021,A2E56139-B17E-48D2-AA28-1FBBBDE730B0,"Fenster, Sonnenschutz, Fassadenverkleidungen",Putztraegerplatte mineralisch gebunden 12.5 mm,91.117,"Entsorgung, Putztraegerplatte mineralisch gebunden",14.4,m2,9910,9300,612,21.5,21,21,0,1,2.43,2,2,0,0,19.1,18,18,0,1,6.31,6.12,0.183,0,"Panneau de support de crépis, liant en matière minérale, 12,5 mm","Élimination, panneau de support de crépis, liant en matière minérale"
05.026,bbb96c85-8f12-4104-b774-2203f3d542e6,"Fenster, Sonnenschutz, Fassadenverkleidungen","Rahmenverbreiterung, PVC",91.17,"Entsorgung, Rahmenverbreiterung, PVC",15,m2,99700,66500,33300,348,335,239,96,14,41.8,41,33,8,1,306,294,206,88,13,69.7,39.5,30.1,1,"Élargissement du cadre, PVC","Élimination, élargissement du cadre, PVC"
05.027,9430b1e1-54b2-4105-8516-8c4ae46612d8,"Fenster, Sonnenschutz, Fassadenverkleidungen","Rahmenverbreiterung, Spanplatte",91.171,"Entsorgung, Rahmenverbreiterung, Spanplatte",17.8,m2,43500,35900,7590,218,215,127,88,4,94.4,94,35,59,0,124,121,92,29,4,26.1,19.5,6.59,7,"Élargissement du cadre, panneau de particules","Élimination, élargissement du cadre, plaque de serrage"
05.018,E236578E-CD94-4A5B-8102-258340AD9D3E,"Fenster, Sonnenschutz, Fassadenverkleidungen","Sonnenschutz, Ausstellstoren motorisiert 4",91.104,"Entsorgung, Sonnenschutz, Ausstellstoren motorisiert",-,m2,150000,148000,2110,318,318,314,4,1,35,35,35,0,0,283,282,278,4,1,68,66,2,0,"Protection solaire, stores à projection avec moteur 4","Élimination, protection solaire, stores à projection avec moteur"
05.017,9E4B8BDA-989A-484D-BFB1-E6CB90491CC4,"Fenster, Sonnenschutz, Fassadenverkleidungen","Sonnenschutz, Lamellenstoren motorisiert 4",91.115,"Entsorgung, Sonnenschutz, Lamellenstoren motorisiert",-,m2,133000,131000,1620,281,280,280,0,0,32,32,32,0,0,249,248,248,0,0,60,59,1,0,"Protection solaire, stores vénitiens avec moteur 4","Élimination, protection solaire, stores vénitiens avec moteur"
05.019,D69BFDA2-373D-4794-BF31-42FAD621E4FB,"Fenster, Sonnenschutz, Fassadenverkleidungen","Sonnenschutz, Rollladen motorisiert 4",91.118,"Entsorgung, Sonnenschutz, Rollladen motorisiert",-,m2,168000,167000,799,357,357,357,0,0,44,44,44,0,0,313,313,313,0,0,75,74,1,0,"Protection solaire, contrevent sur enrouleur avec moteur 4","Élimination, protection solaire, contrevent sur enrouleur avec moteur"
06.001,122994E0-6AE3-48F8-97C2-633125609F3E,Metallbaustoffe ,"Aluminiumblech, blank",91.141,"Entsorgung, Nichteisenmetalle",2690,kg,12500,12500,19.8,30,30,30,0,0,5,5,5,0,0,25,25,25,0,0,5.58,5.57,0.00792,0,"Tôle d'aluminium, nue","Élimination, métaux non ferreux"
06.002,9D19FB5F-33F0-44B4-9489-B6E224103955,Metallbaustoffe ,"Aluminiumprofil, blank",91.141,"Entsorgung, Nichteisenmetalle",2690,kg,11500,11400,19.8,31,31,31,0,0,5,5,5,0,0,26,26,26,0,0,5.69,5.69,0.00792,0,"Profil d'aluminium, nu","Élimination, métaux non ferreux"
06.002.01,C956DDE7-29FC-4FE5-A965-177615E14D14,Metallbaustoffe ,"Aluminiumprofil blank, WICONA, hergestellt mit Hydro CIRCAL 75R",91.141,"Entsorgung, Nichteisenmetalle",2690,kg,12700,12700,20,13.1,13,13,0,0,4.3,4,4,0,0,8.9,9,9,0,0,2.67,2.66,0.01,0,"Profil d'aluminium, nu, WICONA, fabriqué avec Hydro CIRCAL 75R","Élimination, métaux non ferreux"
06.003,1F33844F-91D2-4363-B328-904E15110A1C,Metallbaustoffe ,Armierungsstahl,91.142,"Entsorgung, Armierungsstahl",7850,kg,1590,1570,19.5,3.8,4,4,0,0,0.4,0,0,0,0,3.4,3,3,0,0,0.785,0.773,0.0122,0,Acier d'armature,"Élimination, acier d'armature"
06.014,1483FF58-F07C-4ED4-A422-3E72A667D1A7,Metallbaustoffe ,Blei,91.141,"Entsorgung, Nichteisenmetalle",11340,kg,3810,3790,19.8,4.1,4,4,0,0,0.2,0,0,0,0,3.8,4,4,0,0,1.02,1.01,0.00792,0,Plomb,"Élimination, métaux non ferreux"
06.004,0FE00428-0CF6-4CC1-A4B1-BA186F56D57E,Metallbaustoffe ,Chromnickelstahlblech 18/8 blank,91.143,"Entsorgung, Stahl",7900,kg,9700,9690,11.1,16.9,17,17,0,0,2.4,2,2,0,0,14.6,15,15,0,0,4.12,4.11,0.00693,0,"Tôle d'acier nickel-chrome 18/8, nue","Élimination, acier"
06.005,7AD1957E-FC33-43A8-88F8-2A4DD83A362A,Metallbaustoffe ,Chromnickelstahlblech 18/8 verzinnt,91.143,"Entsorgung, Stahl",7900,kg,13000,13000,11.1,24.9,25,25,0,0,2.7,3,3,0,0,22.3,22,22,0,0,5.87,5.87,0.00693,0,Tôle d'acier nickel-chrome étamée 18/8,"Élimination, acier"
06.006,75CC3E80-7E5F-4E12-898A-03966A87E3E6,Metallbaustoffe ,Chromstahlblech blank,91.143,"Entsorgung, Stahl",7700,kg,7070,7060,11.1,9.5,9,9,0,0,1,1,1,0,0,8.5,9,9,0,0,2.74,2.73,0.00693,0,"Tôle d'acier chromé, nue","Élimination, acier"
06.007,4594A8BF-8167-4183-9A45-CB64DF6D95B8,Metallbaustoffe ,Chromstahlblech verzinnt,91.143,"Entsorgung, Stahl",7700,kg,10400,10400,11.1,17.5,17,17,0,0,1.2,1,1,0,0,16.2,16,16,0,0,4.49,4.48,0.00693,0,"Tôle d'acier chromé, étamée","Élimination, acier"
06.008,92E11D9B-9BC5-4032-BB06-2082CE3D8AFD,Metallbaustoffe ,"Kupferblech, blank",91.141,"Entsorgung, Nichteisenmetalle",8900,kg,24500,24500,19.8,10.5,11,11,0,0,1.6,2,2,0,0,8.9,9,9,0,0,2.2,2.2,0.00792,0,"Tôle de cuivre, nue","Élimination, métaux non ferreux"
06.009,EB9E1E6E-6F40-4CB7-B373-5D66FD146CF5,Metallbaustoffe ,Messing-/Baubronzeblech,91.141,"Entsorgung, Nichteisenmetalle",8300,kg,25500,25400,19.8,13,13,13,0,0,1.9,2,2,0,0,11.1,11,11,0,0,2.71,2.7,0.00792,0,Tôle de laiton/bronze de construction,"Élimination, métaux non ferreux"
06.010,38C1572A-3CE8-47C0-B24E-5E924A8AD97E,Metallbaustoffe ,"Stahlblech, blank",91.143,"Entsorgung, Stahl",7850,kg,5260,5250,11.1,8.4,8,8,0,0,0.6,1,1,0,0,7.8,8,8,0,0,2.8,2.79,0.00693,0,Tôle d'acier nue,"Élimination, acier"
06.011,68F8D468-2A49-430A-A94A-A3073A85B029,Metallbaustoffe ,"Stahlblech, verzinkt",91.143,"Entsorgung, Stahl",7850,kg,15200,15200,11.1,17,17,17,0,0,1.4,1,1,0,0,15.6,16,16,0,0,4.49,4.48,0.00693,0,"Tôle d'acier, zinguée","Élimination, acier"
06.012,4DC70979-B6CA-4DA5-A291-6F1A082EE475,Metallbaustoffe ,"Stahlprofil, blank",91.143,"Entsorgung, Stahl",7850,kg,1290,1280,11.1,3.6,4,4,0,0,0.2,0,0,0,0,3.4,3,3,0,0,0.736,0.729,0.00693,0,"Profil en acier, nu","Élimination, acier"
06.013,3A017EE3-8EAE-4957-9976-39EA72157918,Metallbaustoffe ,Titanzinkblech,91.141,"Entsorgung, Nichteisenmetalle",7200,kg,27800,27800,19.8,20,20,20,0,0,2.6,3,3,0,0,17.5,17,17,0,0,4.02,4.02,0.00792,0,Tôle zinc-titane,"Élimination, métaux non ferreux"
07.001,BBA9796B-B084-473D-B362-E703FAD37CAA,Holz und Holzwerkstoffe,3- und 5-Schicht Massivholzplatte,91.048,"Entsorgung, Dreischichtplatte",453,kg,1010,932,80.3,15.4,15,10,5,0,13.3,13,8,5,0,2.2,2,2,0,0,0.469,0.414,0.055,0,Bois massif 3 et 5 plis,"Élimination, panneau tricouche"
07.021,f346cb73-61fb-4468-b500-3bfc161d80a6,Holz und Holzwerkstoffe,Balkenschichtholz,91.047,"Entsorgung, Brettschichtholz verleimt",439,kg,789,716,73.8,10.1,10,5,5,0,8.6,9,3,5,0,1.6,1,1,0,0,0.342,0.293,0.049,0,Bois d'équarrissage,"Élimination, lamellé-collé"
07.003,75F8C2B2-0B4E-4243-93D6-9D8B721B4D12,Holz und Holzwerkstoffe,Brettschichtholz,91.047,"Entsorgung, Brettschichtholz verleimt",439,kg,769,695,73.8,9.7,10,4,5,0,8.1,8,3,5,0,1.53,1,1,0,0,0.335,0.285,0.049,0,Bois lamellé-collé,"Élimination, lamellé-collé"
07.003.01,5D0AAC66-9661-4D7A-A239-8A8931B4CFF3,Holz und Holzwerkstoffe,"Brettschichtholz, Produktion Schweiz",91.047,"Entsorgung, Brettschichtholz verleimt",439,kg,680,606,74,9.2,9,4,5,0,8,8,3,5,0,1.2,1,1,0,0,0.25,0.204,0.05,0.45,"Bois lamellé-collé, colle MF, zone humide, production Suisse","Élimination, lamellé-collé"
07.002,1095B95F-6036-45CA-B450-7A3A8E1897BB,Holz und Holzwerkstoffe,Brettschichtholz,91.047,"Entsorgung, Brettschichtholz verleimt",439,kg,769,695,73.8,9.7,10,4,5,0,8.1,8,3,5,0,1.53,1,1,0,0,0.335,0.285,0.049,0.446,Bois lamellé-collé,"Élimination, lamellé-collé"
07.002.01,D6C6F539-93DD-4C07-AF40-3EF6321D4FBD,Holz und Holzwerkstoffe,"Brettschichtholz, Produktion Schweiz",91.047,"Entsorgung, Brettschichtholz verleimt",439,kg,680,606,74,9.2,9,4,5,0,8,8,3,5,0,1.2,1,1,0,0,0.25,0.204,0.05,0.45,"Bois lamellé-collé, colle UF, zone sèche, production Suisse","Élimination, lamellé-collé"
07.020,83c72ece-6641-4675-97f0-a6236caf7e7f,Holz und Holzwerkstoffe,Brettsperrholz,91.145,"Entsorgung, Spanplatte, 10% Bindemittel",436,kg,882,775,106,9.9,10,5,5,0,8.1,8,3,5,0,1.8,2,2,0,0,0.395,0.315,0.08,0.449,Contreplaqué de planches,"Élimination, plaque de serrage, agent liant 10 %"
07.020.01,25754a33-5165-4d33-b2d2-e8422557b849,Holz und Holzwerkstoffe,"Brettsperrholz, Produktion Schweiz",91.145,"Entsorgung, Spanplatte, 10% Bindemittel",424,kg,744,638,106,7.3,7,2,5,0,5.7,6,1,5,0,1.6,2,1,0,0,0.281,0.201,0.08,0.448,"Contreplaqué de placage, production Suisse","Élimination, plaque de serrage, agent liant 10 %"
07.022,b914b5f8-ce92-4da0-8c94-055ee668b154,Holz und Holzwerkstoffe,Furniersperrholz,91.145,"Entsorgung, Spanplatte, 10% Bindemittel",823,kg,1970,1860,106,14.3,14,9,5,0,9.2,9,5,5,0,5.1,5,4,1,0,1.02,0.942,0.08,0,Contreplaqué de placage,"Élimination, plaque de serrage, agent liant 10 %"
07.004,99B2F7E4-22F3-4C8E-9C76-D3CBADA830E2,Holz und Holzwerkstoffe,Hartfaserplatte,91.049,"Entsorgung, Holzfaserplatte hart",955,kg,1770,1700,68.3,11.2,11,6,5,0,7,7,2,5,0,4.1,4,4,0,0,1.07,1.03,0.044,0,Panneau de particules dur,"Élimination, panneau de fibres dur"
07.005,C916FBF8-EB8F-43A7-9D11-9E92CF9F083D,Holz und Holzwerkstoffe,"Holzwolle-Leichtbauplatte, zementgebunden",91.144,"Entsorgung, Verbundmaterialien, organisch-mineralisch",400,kg,770,685,85.2,3.3,3,2,2,0,2,2,0,2,0,1.27,1,1,0,0,0.534,0.498,0.0357,0,Panneau de bois léger à paille de bois liée par du ciment,"Élimination, matériaux composites, organique-minéral"
07.023,dff243df-ce92-429c-b6f4-a1e3ca114b16,Holz und Holzwerkstoffe,Konstruktionsvollholz,91.049,"Entsorgung, Holzfaserplatte hart",436,kg,688,620,68.3,9.5,9,4,5,0,8.3,8,3,5,0,1.24,1,1,0,0,0.288,0.244,0.0441,0,Bois massif de construction,"Élimination, panneau de fibres dur"
07.008,5452FFFF-13C9-4D8B-803B-E644F35A3325,Holz und Holzwerkstoffe,"Massivholz Buche / Eiche, kammergetrocknet, gehobelt",91.052,"Entsorgung, Holz und Holzwerkstoffe, Massivholz",675,kg,436,373,62.9,7.9,8,3,5,0,7.3,7,2,5,0,0.66,1,1,0,0,0.152,0.113,0.039,0,"Bois massif hêtre / chêne, séché en cellule, raboté","Élimination, bois et matériaux dérivés, bois massif"
07.008.01,348B6926-0D2A-4820-AA05-C815FE65A421,Holz und Holzwerkstoffe,"Massivholz Buche / Eiche, kammergetrocknet, gehobelt, Produktion Schweiz",91.052,"Entsorgung, Holz und Holzwerkstoffe, Massivholz",675,kg,396,333,63,8,8,3,5,0,7.4,7,2,5,0,0.6,0,0,0,0,0.12,0.083,0.04,0.45,"Bois massif hêtre / chêne, séché en cellule, raboté, production Suisse","Élimination, bois et matériaux dérivés, bois massif"
07.007,9AC95A58-6438-48B7-BB6A-B07B6F4CFB6A,Holz und Holzwerkstoffe,"Massivholz Buche / Eiche, kammergetrocknet, rau",91.052,"Entsorgung, Holz und Holzwerkstoffe, Massivholz",675,kg,391,328,62.9,7.7,8,3,5,0,7.1,7,2,5,0,0.57,0,0,0,0,0.135,0.096,0.039,0,"Bois massif hêtre, chêne, séché en cellule, brut","Élimination, bois et matériaux dérivés, bois massif"
07.007.01,698D8A43-8983-432E-A51B-D90C9BA23AC1,Holz und Holzwerkstoffe,"Massivholz Buche / Eiche, kammergetrocknet, rau, Produktion Schweiz",91.052,"Entsorgung, Holz und Holzwerkstoffe, Massivholz",675,kg,355,292,63,7.7,8,3,5,0,7.2,7,2,5,0,0.5,0,0,0,0,0.11,0.07,0.04,0.45,"Bois massif hêtre, chêne, séché en cellule, brut, production Suisse","Élimination, bois et matériaux dérivés, bois massif"
07.006,531C8578-0D4B-469A-ACE5-8E3A536FC47C,Holz und Holzwerkstoffe,"Massivholz Buche / Eiche, luftgetrocknet, rau",91.052,"Entsorgung, Holz und Holzwerkstoffe, Massivholz",705,kg,322,260,62.9,6.7,7,2,5,0,6.2,6,2,5,0,0.48,0,0,0,0,0.12,0.0812,0.039,0,"Bois massif hêtre / chêne, séché à l'air, brut","Élimination, bois et matériaux dérivés, bois massif"
07.006.01,F9547BDA-290C-44C5-8794-C921A2DED0BA,Holz und Holzwerkstoffe,"Massivholz Buche / Eiche, luftgetrocknet, rau, Produktion Schweiz",91.052,"Entsorgung, Holz und Holzwerkstoffe, Massivholz",705,kg,290,227,63,6.7,7,2,5,0,6.3,6,2,5,0,0.4,0,0,0,0,0.1,0.059,0.04,0.41,"Bois massif hêtre / chêne, séché à l'air, brut, production Suisse","Élimination, bois et matériaux dérivés, bois massif"
07.011,3D89DC7F-1638-4C94-AFA8-DC31CAC210BC,Holz und Holzwerkstoffe,"Massivholz Fichte / Tanne / Laerche, kammergetr., gehobelt",91.052,"Entsorgung, Holz und Holzwerkstoffe, Massivholz",465,kg,476,413,62.9,6.8,7,2,5,0,6.1,6,1,5,0,0.78,1,1,0,0,0.173,0.134,0.039,0,"Bois massif épicéa / sapin / mélèze, séché en cellule, raboté","Élimination, bois et matériaux dérivés, bois massif"
07.011.01,D122C786-0887-4B71-BEBD-513955B5F184,Holz und Holzwerkstoffe,"Massivholz Fichte / Tanne / Laerche, kammergetr., gehobelt, Produktion Schweiz",91.052,"Entsorgung, Holz und Holzwerkstoffe, Massivholz",465,kg,459,396,63,6.7,7,1,5,0,5.9,6,1,5,0,0.7,1,1,0,0,0.16,0.117,0.04,0.45,"Bois massif épicéa / sapin / mélèze, séché en cellule, raboté, production Suisse","Élimination, bois et matériaux dérivés, bois massif"
07.011.02,C4DE94C2-36D6-4BB9-9753-228622401A82,Holz und Holzwerkstoffe,"Massivholz Fichte / Tanne, kammergetr., Vollholzhaus holzpur",91.052,"Entsorgung, Holz und Holzwerkstoffe, Massivholz",420,kg,432,369,63,10.5,10,5,5,0,10,10,5,5,0,0.5,0,0,0,0,0.13,0.095,0.04,0.45,"Bois massif épicéa / sapin, séché en cellule, holzpur","Élimination, bois et matériaux dérivés, bois massif"
07.010,C6FE17BA-12BD-4454-B0F0-74CA8C665D6B,Holz und Holzwerkstoffe,"Massivholz Fichte / Tanne / Laerche, luftgetr., gehobelt",91.052,"Entsorgung, Holz und Holzwerkstoffe, Massivholz",485,kg,400,337,62.9,5.9,6,1,5,0,5.2,5,0,5,0,0.67,1,1,0,0,0.156,0.117,0.039,0,"Bois massif épicéa / sapin / mélèze, séché à l'air, raboté","Élimination, bois et matériaux dérivés, bois massif"
07.010.01,0AABF430-9178-4975-8390-B4C585739DE2,Holz und Holzwerkstoffe,"Massivholz Fichte / Tanne / Laerche, luftgetr., gehobelt, Produktion Schweiz",91.052,"Entsorgung, Holz und Holzwerkstoffe, Massivholz",485,kg,385,322,63,5.7,6,1,5,0,5.1,5,0,5,0,0.6,1,1,0,0,0.14,0.103,0.04,0.41,"Bois massif épicéa / sapin / mélèze, séché à l'air, raboté, production Suisse","Élimination, bois et matériaux dérivés, bois massif"
07.009,EB82F166-04B1-49F0-A586-FD8F92824196,Holz und Holzwerkstoffe,"Massivholz Fichte / Tanne / Laerche, luftgetrocknet, rau",91.052,"Entsorgung, Holz und Holzwerkstoffe, Massivholz",485,kg,316,254,62.9,5.5,5,1,5,0,5,5,0,5,0,0.51,0,0,0,0,0.129,0.0904,0.039,0,"Bois massif épicéa / sapin / mélèze, séché à l'air, brut","Élimination, bois et matériaux dérivés, bois massif"
07.009.01,ADBDB232-AC94-49B1-9EB6-652076C22BAB,Holz und Holzwerkstoffe,"Massivholz Fichte / Tanne / Laerche, luftgetrocknet, rau, Produktion Schweiz",91.052,"Entsorgung, Holz und Holzwerkstoffe, Massivholz",485,kg,306,243,63,5.4,5,1,5,0,4.9,4.87,0,5,0,0.5,0,0,0,0,0.12,0.081,0.04,0.41,"Bois massif épicéa / sapin / mélèze, séché à l'air, brut, production Suisse","Élimination, bois et matériaux dérivés, bois massif"
07.012,962B816C-DBD4-445F-8392-E4F8532069C8,Holz und Holzwerkstoffe,"Mitteldichte Faserplatte (MDF), UF-gebunden",91.05,"Entsorgung, Faserplatte mittlerer Dichte (MDF)",685,kg,1540,1420,128,10.3,10,4,6,0,5.9,6,1,5,0,4.5,4,3,1,0,0.954,0.854,0.1,0,"Panneau de fibres à densité moyenne (MDF), colle UF","Élimination, panneau de fibres de compacité moyenne"
07.013,BD66B05D-27E3-4ADF-85A2-E0ABBBA686A5,Holz und Holzwerkstoffe,"OSB Platte, PF-gebunden, Feuchtbereich",91.145,"Entsorgung, Spanplatte, 10% Bindemittel",605,kg,1030,921,106,11,11,5,6,0,8.3,8,3,5,0,2.7,3,2,1,0,0.563,0.483,0.08,0,"Panneau d'aggloméré type OSB, colle PF, zone humide","Élimination, plaque de serrage, agent liant 10 %"
07.024,2ec4e1b4-5694-4169-b734-b38c2365aaac,Holz und Holzwerkstoffe,Roehrenspanplatte,91.145,"Entsorgung, Spanplatte, 10% Bindemittel",272,kg,1340,1230,106,10.5,10,5,6,0,6.9,7,2,5,0,3.7,4,3,1,0,0.813,0.733,0.08,0,Panneau de particules tubulaire,"Élimination, plaque de serrage, agent liant 10 %"
07.015,F54AEECA-7B3B-4ACE-B4CB-88527B1C903C,Holz und Holzwerkstoffe,"Spanplatte, PF-gebunden, Feuchtbereich",91.145,"Entsorgung, Spanplatte, 10% Bindemittel",640,kg,886,780,106,6.9,7,2,4,0,4.4,4,1,4,0,2.56,2,2,1,0,0.529,0.45,0.08,0,"Panneau de particules, colle PF, zone humide","Élimination, plaque de serrage, agent liant 10 %"
07.016,FB830352-0350-46F9-BF46-73733C576386,Holz und Holzwerkstoffe,"Spanplatte, UF-gebunden, beschichtet, Trockenbereich",91.057,"Entsorgung, Spanplatte, 10% Bindemittel, 3.5% MF-gebunden",640,kg,1210,1090,122,8.4,8,4,5,0,4.7,5,1,3,0,3.7,4,2,1,0,0.735,0.641,0.095,0,"Panneau de particules, colle UF, enduit, zone sèche","Élimination, plaque de serrage, agent liant 10 %, 3,5 % résine MF"
07.014,E88CFF0D-059B-4E8A-93BC-A4E3A917A2F6,Holz und Holzwerkstoffe,"Spanplatte, UF-gebunden, Trockenbereich",91.145,"Entsorgung, Spanplatte, 10% Bindemittel",640,kg,886,780,106,6.9,7,2,4,0,4.4,4,1,4,0,2.6,2,2,1,0,0.529,0.45,0.08,0,"Panneau de particules, colle UF, zone sèche","Élimination, plaque de serrage, agent liant 10 %"
07.018,32B17B00-83C9-412F-899B-03B8DB3781BF,Holz und Holzwerkstoffe,"Sperrholz/Multiplex, PF-gebunden, Feuchtbereich",91.145,"Entsorgung, Spanplatte, 10% Bindemittel",500,kg,2870,2760,106,17,17,12,5,0,10,10,6,4,0,6.9,7,6,1,0,1.43,1.35,0.08,0,"Bois lamellé / multiplex, colle PF, zone humide","Élimination, plaque de serrage, agent liant 10 %"
07.017,55C3FB36-27C5-40BB-B51C-715C9F2984FE,Holz und Holzwerkstoffe,"Sperrholz/Multiplex, UF-gebunden, Trockenbereich",91.145,"Entsorgung, Spanplatte, 10% Bindemittel",500,kg,2140,2030,106,14.7,15,10,5,0,10,10,6,4,0,4.7,5,4,1,0,0.95,0.868,0.08,0,"Bois lamellé / multiplex, colle UF, zone sèche","Élimination, plaque de serrage, agent liant 10 %"
07.019,134906e4-dbd4-42e3-828c-e819fea6a651,Holz und Holzwerkstoffe,"Stabschichtholz, Buche",,,,,,,,,,,,,,,,,,,,,,,,,,,Bois lamellé-collé en hêtre,
07.019.01,9b25432d-40ef-4f3b-8c5b-7104ad4b6d52,Holz und Holzwerkstoffe,"Stabschichtholz, Buche, fagus",91.175.01,"Entsorgung, Stabschichtholz, Buche, fagus",700,kg,1010,926,84,11.3,11,6,5,0,9.5,9.46,4,5,0,1.9,2,2,0.083,0,0.37,0.306,0.06,0.48,"Bois lamellé-collé en hêtre, fagus","Élimination, bois lamellé-collé, hêtre, fagus"
08.001,21330D47-1D7A-36C8-7F0E-CB11F4CB2767,Klebstoffe und Fugendichtungsmassen,2-Komponenten Klebstoff,91.146,"Entsorgung, Kleb-, Dichtstoffe, Anstriche",1500,kg,10100,9910,236,24.6,25,25,0,0,0.4,0,0,0,0,24.3,24,24,0,0,4.84,4.65,0.19,0,Colle bicomposant,"Élimination, colles, produits d'étanchéité, peintures"
08.002,CA0CC8C0-0CF0-4DE4-A9E8-C3B416365119,Klebstoffe und Fugendichtungsmassen,Heissbitumen,91.146,"Entsorgung, Kleb-, Dichtstoffe, Anstriche",1000,kg,2040,1800,236,15,15,3,12,0,0.1,0,0,0,0,15,15,3,12,0,1.09,0.906,0.19,0,"Masse bitumeuse, chaude","Élimination, colles, produits d'étanchéité, peintures"
08.003,9831C103-3AC5-439B-9BF1-3C1976328C98,Klebstoffe und Fugendichtungsmassen,Kautschukdichtungsmasse,91.146,"Entsorgung, Kleb-, Dichtstoffe, Anstriche",1500,kg,6870,6630,236,24.7,25,17,8,0,0.3,0,0,0,0,24.4,24,16,8,0,2.42,2.23,0.19,0,Masse de jointoiement en caoutchouc,"Élimination, colles, produits d'étanchéité, peintures"
08.004,0732FA24-108B-41A5-A86B-71ADB88B5F21,Klebstoffe und Fugendichtungsmassen,Polysulfiddichtungsmasse,91.146,"Entsorgung, Kleb-, Dichtstoffe, Anstriche",1600,kg,2890,2660,236,8.2,8,7,1,0,0.4,0,0,0,0,7.8,8,7,1,0,1.72,1.53,0.19,0,Masse de jointoiement en polysulfide,"Élimination, colles, produits d'étanchéité, peintures"
08.005,85E73CA0-F8D0-4F4D-BA4F-074E3BBD8A31,Klebstoffe und Fugendichtungsmassen,Silicon-Fugenmasse,91.146,"Entsorgung, Kleb-, Dichtstoffe, Anstriche",1000,kg,4570,4340,236,16.3,16,8,8,0,1.9,2,2,0,0,14.5,14,6,8,0,2.91,2.72,0.19,0,Masse de jointoiement en silicone,"Élimination, colles, produits d'étanchéité, peintures"
09.001,01CD6F3D-BD57-4002-A3FB-6CD6DF5868D7,Dichtungsbahnen und Schutzfolien,Dampfbremse bituminoes,91.172,"Entsorgung, Dichtungsbahnen und Schutzfolien, Dampfbremse Bitumen",1100,kg,5220,2790,2430,14.1,14,6,8,0,0.7,1,1,0,0,13.5,13,6,8,0,3.64,1.31,2.33,0,Barrière de vapeur bitumineuse,"Élimination, feuilles d'étanchéité et de protection, frein de vapeur en bitume"
09.002,5155BF82-EBE7-4FE9-A0C3-3B52FF372827,Dichtungsbahnen und Schutzfolien,Dampfbremse Polyethylen (PE),91.037,"Entsorgung, Dichtungsbahnen und Schutzfolien, Dampfbremse PE",920,kg,6930,4120,2810,25.7,25,14,11,0,0.9,1,1,0,0,24.8,25,13,11,0,5.42,2.75,2.67,0,Barrière de vapeur PE,"Élimination, feuilles d'étanchéité et de protection, frein de vapeur en PE"
09.003,7BA5DD3A-06EF-4108-853B-3687B698FF22,Dichtungsbahnen und Schutzfolien,Dichtungsbahn bituminoes,91.172,"Entsorgung, Dichtungsbahnen und Schutzfolien, Dampfbremse Bitumen",1100,kg,4350,1920,2430,12.6,12,5,7,0,0.3,0,0,0,0,12.3,12,5,7,0,3.33,1,2.33,0,Lé d'étanchéité bitumineux,"Élimination, feuilles d'étanchéité et de protection, frein de vapeur en bitume"
09.003.11,7734C0C2-7D2F-4604-A1A8-D8CB9E7310C7,Dichtungsbahnen und Schutzfolien,"Bituminoese Dichtungsbahn, swissporBIKUPLAN ECO",91.172,"Entsorgung, Dichtungsbahnen und Schutzfolien, Dampfbremse Bitumen",1267,kg,3510,1080,2430,6.4,6,3,3,0,0.2,0,0,0,0,6.1,6,2,3,0,2.92,0.588,2.33,0,"Lé d'étanchéité bitumineux, swissporBIKUPLAN ECO","Élimination, feuilles d'étanchéité et de protection, frein de vapeur en bitume"
09.003.01,8363831F-FB86-4CDD-B1F2-138E478F34B0,Dichtungsbahnen und Schutzfolien,"Bituminoese Dichtungsbahn, swissporBIKUTOP",91.172,"Entsorgung, Dichtungsbahnen und Schutzfolien, Dampfbremse Bitumen",1269,kg,4060,1630,2430,10.5,10,4,6,0,0.2,0,0,0,0,10.3,10,4,6,0,3.24,0.907,2.33,0,"Lé d'étanchéité bitumineux, swissporBIKUTOP","Élimination, feuilles d'étanchéité et de protection, frein de vapeur en bitume"
09.003.02,3734EA52-A3C5-4A05-A040-03322A348AE1,Dichtungsbahnen und Schutzfolien,"Bituminoese Dichtungsbahn, swissporBIKUTOP ECO",91.172,"Entsorgung, Dichtungsbahnen und Schutzfolien, Dampfbremse Bitumen",1256,kg,3420,983,2430,5.8,5,3,3,0,0.2,0,0,0,0,5.5,5,2,3,0,2.88,0.55,2.33,0,"Lé d'étanchéité bitumineux, swissporBIKUTOP ECO","Élimination, feuilles d'étanchéité et de protection, frein de vapeur en bitume"
09.003.03,BA1409B5-8AC0-4016-9AC1-E3AFC2D20C52,Dichtungsbahnen und Schutzfolien,"Bituminoese Dichtungsbahn, swissporBIKUTOP",91.172,"Entsorgung, Dichtungsbahnen und Schutzfolien, Dampfbremse Bitumen",1269,kg,4060,1630,2430,10.5,10,4,6,0,0.2,0,0,0,0,10.3,10,4,6,0,3.24,0.907,2.33,0,"Lé d'étanchéité bitumineux, swissporBIKUTOP","Élimination, feuilles d'étanchéité et de protection, frein de vapeur en bitume"
09.003.04,2AEB700D-8C0A-4554-97D3-80B5CC367CAD,Dichtungsbahnen und Schutzfolien,"Bituminoese Dichtungsbahn, swissporBIKUTOP ECO",91.172,"Entsorgung, Dichtungsbahnen und Schutzfolien, Dampfbremse Bitumen",1256,kg,3420,983,2430,5.8,5,3,3,0,0.2,0,0,0,0,5.5,5,2,3,0,2.88,0.55,2.33,0,"Lé d'étanchéité bitumineux, swissporBIKUTOP ECO","Élimination, feuilles d'étanchéité et de protection, frein de vapeur en bitume"
09.003.05,0C5A7BA6-B74D-46D7-A2F1-5F7E95808E83,Dichtungsbahnen und Schutzfolien,"Bituminoese Dichtungsbahn, swissporBIKUTOP",91.172,"Entsorgung, Dichtungsbahnen und Schutzfolien, Dampfbremse Bitumen",1269,kg,4060,1630,2430,10.5,10,4,6,0,0.2,0,0,0,0,10.3,10,4,6,0,3.24,0.907,2.33,0,"Lé d'étanchéité bitumineux, swissporBIKUTOP","Élimination, feuilles d'étanchéité et de protection, frein de vapeur en bitume"
09.003.06,744A1B0B-105B-45BA-909E-79E490F26917,Dichtungsbahnen und Schutzfolien,"Bituminoese Dichtungsbahn, swissporBIKUTOP ECO",91.172,"Entsorgung, Dichtungsbahnen und Schutzfolien, Dampfbremse Bitumen",1256,kg,3420,983,2430,5.8,5,3,3,0,0.2,0,0,0,0,5.5,5,2,3,0,2.88,0.55,2.33,0,"Lé d'étanchéité bitumineux, swissporBIKUTOP ECO","Élimination, feuilles d'étanchéité et de protection, frein de vapeur en bitume"
09.003.07,DF6CF380-78F7-466D-AD94-DA3ED7536CA9,Dichtungsbahnen und Schutzfolien,"Bituminoese Dichtungsbahn, swissporBIKUTOP",91.172,"Entsorgung, Dichtungsbahnen und Schutzfolien, Dampfbremse Bitumen",1269,kg,4060,1630,2430,10.5,10,4,6,0,0.2,0,0,0,0,10.3,10,4,6,0,3.24,0.907,2.33,0,"Lé d'étanchéité bitumineux, swissporBIKUTOP","Élimination, feuilles d'étanchéité et de protection, frein de vapeur en bitume"
09.003.08,EDC15F2A-8353-4B92-89EA-F588F082D528,Dichtungsbahnen und Schutzfolien,"Bituminoese Dichtungsbahn, swissporBIKUTOP ECO",91.172,"Entsorgung, Dichtungsbahnen und Schutzfolien, Dampfbremse Bitumen",1256,kg,3420,983,2430,5.8,5,3,3,0,0.2,0,0,0,0,5.5,5,2,3,0,2.88,0.55,2.33,0,"Lé d'étanchéité bitumineux, swissporBIKUTOP ECO","Élimination, feuilles d'étanchéité et de protection, frein de vapeur en bitume"
09.003.09,2B07EF82-8010-4C65-AF7C-90055932DA86,Dichtungsbahnen und Schutzfolien,"Bituminoese Dichtungsbahn, swissporBIKUTOP",91.172,"Entsorgung, Dichtungsbahnen und Schutzfolien, Dampfbremse Bitumen",1269,kg,4060,1630,2430,10.5,10,4,6,0,0.2,0,0,0,0,10.3,10,4,6,0,3.24,0.907,2.33,0,"Lé d'étanchéité bitumineux, swissporBIKUTOP","Élimination, feuilles d'étanchéité et de protection, frein de vapeur en bitume"
09.003.10,E6956688-D02C-414C-8EC6-B0FAEF52C8B8,Dichtungsbahnen und Schutzfolien,"Bituminoese Dichtungsbahn, swissporBIKUTOP ECO",91.172,"Entsorgung, Dichtungsbahnen und Schutzfolien, Dampfbremse Bitumen",1256,kg,3420,983,2430,5.8,5,3,3,0,0.2,0,0,0,0,5.5,5,2,3,0,2.88,0.55,2.33,0,"Lé d'étanchéité bitumineux, swissporBIKUTOP ECO","Élimination, feuilles d'étanchéité et de protection, frein de vapeur en bitume"
09.003.12,996bca23-d530-4e8e-b4f1-6f6f57b89e0a,Dichtungsbahnen und Schutzfolien,Elastomerbitumen-Dichtungsbahn Sopravap EVA 35 flam,91.172,"Entsorgung, Dichtungsbahnen und Schutzfolien, Dampfbremse Bitumen",4.6,kg,2760,1320,1440,8.5,8,4,5,0,0.3,0,0,0,0,8.2,8,3,5,0,2.06,0.717,1.34,0,Feuille d'étanchéité à base de bitume élastomèren Sopravap EVA 35 flam,
09.003.13,45f59ef0-c310-4611-bd9f-96c3f29ff6a3,Dichtungsbahnen und Schutzfolien,Elastomerbitumen-Dichtungsbahn Sopralen EGV 3,91.172,"Entsorgung, Dichtungsbahnen und Schutzfolien, Dampfbremse Bitumen",4,kg,2690,1250,1440,8.3,8,4,4,0,0.3,0,0,0,0,8,8,3,4,0,2.04,0.686,1.35,0,Feuille d'étanchéité à base de bitume élastomèren Sopralen EGV 3,
09.003.14,417f2b8c-45c8-406b-97ac-ef149321e8f7,Dichtungsbahnen und Schutzfolien,Elastomerbitumen-Dichtungsbahn Sopralen EGV 3.5,91.172,"Entsorgung, Dichtungsbahnen und Schutzfolien, Dampfbremse Bitumen",4.8,kg,2690,1230,1460,8.3,8,4,5,0,0.3,0,0,0,0,8,8,3,5,0,2.04,0.678,1.36,0,Feuille d'étanchéité à base de bitume élastomèren Sopralen EGV 3.5,
09.003.15,0d94f5a6-1b6a-469e-bf01-0ddab8f03d10,Dichtungsbahnen und Schutzfolien,Elastomerbitumen-Dichtungsbahn Sopralen Premier EP 5 ard flam,91.172,"Entsorgung, Dichtungsbahnen und Schutzfolien, Dampfbremse Bitumen",4.8,kg,2560,1260,1300,7.9,8,4,4,0,0.3,0,0,0,0,7.6,7,3,4,0,1.94,0.728,1.21,0,Feuille d'étanchéité à base de bitume élastomèren Sopralen Premier EP 5 ard flam,
09.003.16,a06b8703-9c56-4844-bbbd-388e15772d67,Dichtungsbahnen und Schutzfolien,Elastomerbitumen-Dichtungsbahn Sopralen Jardin EP 5 ard flam,91.172,"Entsorgung, Dichtungsbahnen und Schutzfolien, Dampfbremse Bitumen",5.4,kg,2590,1290,1300,8,8,4,4,0,0.3,0,0,0,0,7.7,7,3,4,0,1.96,0.742,1.22,0,Feuille d'étanchéité à base de bitume élastomèren Sopralen Jardin EP 5 ard flam,
09.003.17,11a560d2-4cc5-4cd6-9b99-0945186d224e,Dichtungsbahnen und Schutzfolien,Elastomerbitumen-Dichtungsbahn Sopragum Flam HT-O Jardin S5,91.172,"Entsorgung, Dichtungsbahnen und Schutzfolien, Dampfbremse Bitumen",5.6,kg,3270,1810,1460,10.3,10,5,5,0,0.3,0,0,0,0,10,10,5,5,0,2.42,1.05,1.37,0,Feuille d'étanchéité à base de bitume élastomèren Sopragum Flam HT-O Jardin S5,
09.003.18,3030d795-4231-40bc-803f-4f6218b99104,Dichtungsbahnen und Schutzfolien,Elastomerbitumen-Dichtungsbahn SOPREMA Vapro Alpino,91.172,"Entsorgung, Dichtungsbahnen und Schutzfolien, Dampfbremse Bitumen",5.8,kg,3080,1760,1320,9.5,9,5,4,0,0.3,0,0,0,0,9.2,9,5,4,0,2.28,1.05,1.23,0,Feuille d'étanchéité à base de bitume élastomèren SOPREMA Vapro Alpino,
09.003.19,431554b3-cf1e-422c-8593-f2c5946cb82f,Dichtungsbahnen und Schutzfolien,Elastomerbitumen-Dichtungsbahn SOPREMA Vapro Nature,91.172,"Entsorgung, Dichtungsbahnen und Schutzfolien, Dampfbremse Bitumen",5.8,kg,3080,1760,1320,9.5,9,5,4,0,0.3,0,0,0,0,9.2,9,5,4,0,2.29,1.05,1.24,0,Feuille d'étanchéité à base de bitume élastomèren SOPREMA Vapro Nature,
09.004,90159AF7-455B-4996-A1AC-6D5B6E3242F4,Dichtungsbahnen und Schutzfolien,Dichtungsbahn Gummi (EPDM),91.147,"Entsorgung, Dichtungsbahnen und Schutzfolien, EPDM",1100,kg,8100,4860,3240,25.5,25,17,8,0,0.8,1,1,0,0,24.7,24,16,8,0,5.84,2.74,3.1,0,Lé d'étanchéité caoutchouc (EPDM),"Élimination, bandes d'étanchéité et de protection, EPDM"
09.005,CFA0CA34-15A6-4D99-AEC3-CA60F46DBE4D,Dichtungsbahnen und Schutzfolien,Dichtungsbahn Polyolefin (FPO),91.148,"Entsorgung, Dichtungsbahnen und Schutzfolien, Polyolefin",1000,kg,7880,5070,2810,23.6,23,12,12,0,0.4,0,0,0,0,23.1,23,11,12,0,5.18,2.52,2.67,0,Lé d'étanchéité polyoléfine (FPO),"Élimination, bandes d'étanchéité et de protection, polyoléfine"
09.006,5C26C97A-D10C-49A8-815E-06A340CCC448,Dichtungsbahnen und Schutzfolien,Kraftpapier,91.149,"Entsorgung, Kraft-Papier",650,kg,3450,3240,206,20.7,21,16,5,0,13,13,8,5,0,7.7,8,8,0,0,1.67,1.61,0.058,0,Papier Kraft,"Élimination, papier kraft"
09.007,D4BF6599-6623-4AE5-9D50-8EDDB6B05F41,Dichtungsbahnen und Schutzfolien,Polyethylenfolie (PE),91.037,"Entsorgung, Dichtungsbahnen und Schutzfolien, Dampfbremse PE",920,kg,6930,4120,2810,25.7,25,14,12,0,0.9,1,1,0,0,24.8,25,13,12,0,5.42,2.75,2.67,0,Feuille de polyéthylène (PE),"Élimination, feuilles d'étanchéité et de protection, frein de vapeur en PE"
09.008,FD71B629-B98E-47C8-ADA4-513631C0896B,Dichtungsbahnen und Schutzfolien,Polyethylenvlies (PE),91.037,"Entsorgung, Dichtungsbahnen und Schutzfolien, Dampfbremse PE",920,kg,7090,4280,2810,26.5,26,14,12,0,0.5,1,1,0,0,26,26,14,12,0,5.63,2.96,2.67,0,Voile de polyéthylène (PE),"Élimination, feuilles d'étanchéité et de protection, frein de vapeur en PE"
10.014,9EC4E12B-5E75-4A0B-84DA-A1A5F152A4BC,Waermedaemmstoffe,Aerogel-Vlies,91.119,"Entsorgung, Aerogel-Vlies",150,kg,73500,73100,408,242,241,241,0,0,12.1,12,12,0,0,229,229,229,0,0,48.7,48.4,0.289,0,Fibres d'aérogel,"Élimination, fibres d'aérogel"
10.012,E6773968-F9C9-4782-A5CD-78B9B1164571,Waermedaemmstoffe,Blaehperlit,91.136,"Entsorgung, Baumaterialien, mineralisch, unspezifisch",65-140,kg,1460,1410,42.5,4.6,5,5,0,0,0.2,0,0,0,0,4.5,4,4,0,0,1.05,1.04,0.0127,0,Perlite expansée,"Élimination, bâtiment, brique en terre cuite, élimination"
10.011,A0A69B33-B2C9-4DE4-BA2E-770C2A4EF76A,Waermedaemmstoffe,Blaehvermiculit,91.136,"Entsorgung, Baumaterialien, mineralisch, unspezifisch",65-140,kg,687,644,42.5,1.6,2,2,0,0,0,0,0,0,0,1.56,2,2,0,0,0.394,0.382,0.0127,0,Vermiculite expansée,"Élimination, bâtiment, brique en terre cuite, élimination"
10.016,7A1681B7-2F34-4B51-BF2D-D4C9C33CFCA5,Waermedaemmstoffe,Flachsfasern,91.121,"Entsorgung, Flachsfaser-Daemmung",30,kg,2940,2570,370,11.3,11,6,5,0,6,6,1,5,0,5.3,5,5,0,0,1.01,0.78,0.235,0,Isolation en lin,"Élimination, isolation lin"
10.016.01,109E7CA4-9DB1-46E0-AAA8-EF6E159A7A63,Waermedaemmstoffe,"Flachsfasern, MAGRIPOL, Premium",91.121,"Entsorgung, Flachsfaser-Daemmung",30,kg,2880,2510,370,11.1,11,6,5,0,5.9,6,1,5,0,5.2,5,5,0,0,0.98,0.75,0.235,0.44,"Isolation en lin, MAGRIPOL, Premium","Élimination, isolation lin"
10.017,CC513F17-747F-4776-ABFA-9C78FF26A557,Waermedaemmstoffe,"Flachsfasern, feuerfest",91.121,"Entsorgung, Flachsfaser-Daemmung",30,kg,3530,3160,370,13,13,8,5,0,5.5,5,0,5,0,7.5,7,7,0,0,1.45,1.22,0.235,0.44,"Isolation en lin, résistant au feu","Élimination, isolation lin"
10.017.01,C5CF1731-3091-4FC5-9552-DE7368F296A6,Waermedaemmstoffe,"Flachsfasern, feuerfest, MAGRIPOL, Premium+",91.121,"Entsorgung, Flachsfaser-Daemmung",30,kg,3460,3090,370,12.8,13,8,5,0,5.4,5,0,5,0,7.4,7,7,0,0,1.42,1.18,0.235,0.44,"Isolation en lin, anti-feu, MAGRIPOL, Premium+","Élimination, isolation lin"
10.001,43B03F61-91A1-438E-B958-6E274F13B241,Waermedaemmstoffe,Glaswolle,91.173,"Entsorgung, Daemmstoff, mineralisch",20-100,kg,1960,1850,116,7.8,8,8,0,0,2.4,2,2,0,0,5.5,5,5,0,0,1.1,1.04,0.0592,0,Laine de verre,"Élimination, matériaux isolant, minéral"
10.001.01,C2140A4D-E25B-4E13-BD72-87C1C5A37286,Waermedaemmstoffe,"Glaswolle, Isover, phenolbasiertes Bindemittel",91.173,"Entsorgung, Daemmstoff, mineralisch",20-100,kg,1830,1710,116,7.4,7,7,0,0,2.3,2,2,0,0,5.1,5,5,0,0,1.03,0.97,0.0592,0,"Laine de verre, Isover, résine phénolique","Élimination, matériaux isolant, minéral"
10.001.03,894290c5-7d1a-42b6-8b27-cfabcd6fa573,Waermedaemmstoffe,"Glaswolle, Isover, pflanzliches Bindemittel",91.173,"Entsorgung, Daemmstoff, mineralisch",20-100,kg,1700,1580,116,6.1,6,6,0,0,2.5,2,2,0,0,3.7,4,4,0,0,0.89,0.83,0.0592,0,"Laine de verre, Isover, liant végétal","Élimination, matériaux isolant, minéral"
10.001.02,b0b693b6-0c93-49bc-ad75-0de3492042b8,Waermedaemmstoffe,"Glaswolle, SUPAFIL",91.173,"Entsorgung, Daemmstoff, mineralisch",35,kg,2060,1940,116,6.2,6,6,0,0,0.3,0,0,0,0,5.9,6,6,0,0,1.14,1.08,0.0592,0,"Laine de verre, SUPAFIL","Élimination, matériaux isolant, minéral"
10.002,42A8911C-62FF-4A4B-ACD8-31E4148787E8,Waermedaemmstoffe,Korkplatte,91.15,"Entsorgung, Korkplatte",120,kg,2170,1990,172,14.2,14,9,5,0,7.9,8,4,4,0,6.2,6,5,1,0,1.11,1.07,0.039,0.496,Panneau en liège,"Élimination, panneau de liège"
10.003,4F352DCA-9E8B-49E4-98B6-F10BA797180E,Waermedaemmstoffe,Phenolharz (PF),91.151,"Entsorgung, Daemmstoff, organisch, Polystyrol",40,kg,10000,6730,3280,34,34,27,7,0,1,1,1,0,0,34,33,26,7,0,7.26,4.17,3.09,0,Résine phénolique  (PF),"Élimination, matériau isolant, organique, polystyrène"
10.004,9F6CB547-DC00-4900-8FB4-A37135F510B4,Waermedaemmstoffe,Polystyrol expandiert (EPS),91.151,"Entsorgung, Daemmstoff, organisch, Polystyrol",15-40,kg,9800,6520,3280,31,30,21,9,0,1,1,1,0,0,30,30,21,9,0,7.6,4.51,3.09,0,Polystyrène expansé (EPS),"Élimination, matériau isolant, organique, polystyrène"
10.004.01,046FE9F5-65FC-48A0-802F-8E2EE600CDA6,Waermedaemmstoffe,"Polystyrol expandiert, SwissporEPS",91.151,"Entsorgung, Daemmstoff, organisch, Polystyrol",16.8,kg,8790,5510,3280,27.4,27,18,9,0,0.7,1,1,0,0,26.7,27,17,9,0,6.95,3.86,3.09,0,"Polystyrène expansé, SwissporEPS","Élimination, matériau isolant, organique, polystyrène"
10.004.02,05CBB4FF-6CFE-4285-86E1-8D5EA593637D,Waermedaemmstoffe,"Polystyrol expandiert, 44% Recyclinganteil, SwissporEPS Roof Eco",91.151,"Entsorgung, Daemmstoff, organisch, Polystyrol",26,kg,,,,,,,,,,,,,,,,,,,,,,,"Polystyrène expansé, fraction recyclée 44%, SwissporEPS Roof Eco","Élimination, matériau isolant, organique, polystyrène"
10.004.03,99E3A2B4-CE0F-4E7A-AECB-9AA35D2FABAF,Waermedaemmstoffe,"Polystyrol expandiert, 100% Recyclinganteil, SwissporEPS R 100%",91.151,"Entsorgung, Daemmstoff, organisch, Polystyrol",27,kg,,,,,,,,,,,,,,,,,,,,,,,"Polystyrène expansé, fraction recyclée 100%, SwissporEPS R 100%","Élimination, matériau isolant, organique, polystyrène"
10.005,604F2ECA-F888-49C4-9FA5-C206BC37E889,Waermedaemmstoffe,Polystyrol extrudiert (XPS),91.151,"Entsorgung, Daemmstoff, organisch, Polystyrol",30-35,kg,19700,16500,3280,30,30,21,9,0,1,1,1,0,0,29.4,29,20,9,0,14.4,11.3,3.09,0,Polystyrène extrudé (XPS),"Élimination, matériau isolant, organique, polystyrène"
10.005.01,ACF64203-B038-4EAF-B297-53D8C48F8A42,Waermedaemmstoffe,"Polystyrol extrudiert, SwissporXPS",91.151,"Entsorgung, Daemmstoff, organisch, Polystyrol",34.3,kg,8880,5600,3280,26.9,27,17,9,0,1.4,1,1,0,0,25.5,25,16,9,0,6.96,3.87,3.09,0,"Polystyrène extrudé, SwissporXPS","Élimination, matériau isolant, organique, polystyrène"
10.006,D23B8D09-6CCC-42B7-B54D-B67BEEEC54DD,Waermedaemmstoffe,Polyurethan (PUR/PIR),91.039,"Entsorgung, Waeremdaemmstoffe Polyurethan",30,kg,10400,7490,2920,31,30,22,9,1,1,1,1,0,0,30,30,21,9,1,7.44,4.79,2.65,0,Polyuréthane (PUR/PIR),"Élimination, isolant thermique de polyuréthane"
10.006.01,575A32F0-D99A-4ADE-A360-8E770639A5E3,Waermedaemmstoffe,"Polyurethan, SwissporPIR",91.039,"Entsorgung, Waeremdaemmstoffe Polyurethan",30,kg,9830,6910,2920,29,28,20,8,1,1,1,1,0,0,28,27,19,8,1,7.08,4.43,2.65,0,"Polyuréthane, SwissporPIR","Élimination, isolant thermique de polyuréthane"
10.007,328C6FA7-DA92-462A-9CC7-6D0DB5CCE2D3,Waermedaemmstoffe,Schaumglas,91.136,"Entsorgung, Baumaterialien, mineralisch, unspezifisch",100-165,kg,1760,1710,42.5,7,7,7,0,0,1.9,2,2,0,0,5.2,5,5,0,0,1.19,1.17,0.0127,0,Verre cellulaire,"Élimination, bâtiment, brique en terre cuite, élimination"
10.007.01,6bbf201f-48e8-4866-9dff-f6f2e3105ec6,Waermedaemmstoffe,"Schaumglas, GLAPOR",91.136,"Entsorgung, Baumaterialien, mineralisch, unspezifisch",120,kg,1020,979,42.5,3.4,3,3,0,0,0.2,0,0,0,0,3.2,3,3,0,0,0.71,0.69,0.0127,0,"Verre cellulaire, GLAPOR","Élimination, bâtiment, brique en terre cuite, élimination"
10.013,BEB5B222-85E0-44DB-891D-851DF16EEA31,Waermedaemmstoffe,Schaumglasschotter,91.136,"Entsorgung, Baumaterialien, mineralisch, unspezifisch",125-150,kg,499,457,42.5,2,2,2,0,0,0.3,0,0,0,0,1.7,2,2,0,0,0.16,0.15,0.0127,0,Gravier de verre cellulaire,"Élimination, bâtiment, brique en terre cuite, élimination"
10.013.01,62F9139A-7A1D-40DD-90F8-38B52AF993C4,Waermedaemmstoffe,"Schaumglasschotter, Misapor",91.136,"Entsorgung, Baumaterialien, mineralisch, unspezifisch",125-150,kg,434,392,42.5,1.8,2,2,0,0,0.2,0,0,0,0,1.6,2,2,0,0,0.13,0.12,0.0127,0,"Gravier de verre cellulaire, Misapor","Élimination, bâtiment, brique en terre cuite, élimination"
10.008,A3BBA042-97AF-4B5C-AF00-E049CEF1A557,Waermedaemmstoffe,Steinwolle,91.173,"Entsorgung, Daemmstoff, mineralisch",32-160,kg,1790,1670,116,5,5,5,0,0,0.5,1,1,0,0,4.5,4,4,0,0,1.19,1.13,0.0592,0,Laine de roche,"Élimination, matériaux isolant, minéral"
10.008.01,194F45E4-A08A-427B-A490-999934D5D610,Waermedaemmstoffe,"Steinwolle, Flumroc",91.173,"Entsorgung, Daemmstoff, mineralisch",32-160,kg,1620,1500,116,4.3,4,4,0,0,0.3,0,0,0,0,4,4,4,0,0,1.09,1.03,0.0592,0,"Laine de roche, Flumroc","Élimination, matériaux isolant, minéral"
10.015,92766C16-5D0D-44ED-9F92-C15AA32DECCE,Waermedaemmstoffe,Strohballenwand,91.122,"Entsorgungsmix, Strohballenwand",215,kg,586,586,0,5.1,5,0,5,0,4.9,5,0,5,0,0.2,0,0,0,0,0.1,0.1,0,0.368,Botte de paille pour la construction,"Élimination, mur en botte de paille"
10.009,B9689582-8BDE-4FE1-849D-BBBED840E410,Waermedaemmstoffe,Weichfaserplatte,91.051,"Entsorgung, Weichfaserplatte",148,kg,1400,1170,227,10.5,10,5,6,0,7.1,7,2,5,0,3.4,3,3,1,0,0.725,0.633,0.0921,0.436,Panneau de fibres mou,"Élimination, panneau de fibres souple"
10.01,858771D5-96F5-42C9-AEE3-51D3BE1879F7,Waermedaemmstoffe,Zellulosefasern,91.046,"Entsorgung, Papier",35-60,kg,556,395,161,1.31,1,1,0,0,0.26,0,0,0,0,1.05,1,1,0,0,0.28,0.209,0.0709,0.404,Fibres de cellulose (soufflées),"Élimination, papier"
10.010.01,1F31C383-B2A1-490D-AB0F-B3EA2A24D804,Waermedaemmstoffe,"Zellulosefasern, Isofloc",91.046,"Entsorgung, Papier",35-60,kg,470,309,161,1.09,1,1,0,0,0.24,0,0,0,0,0.85,1,1,0,0,0.233,0.163,0.0709,0.404,"Fibres de cellulose (soufflées), Isofloc","Élimination, papier"
11.001,D5660BDD-EC47-4D6A-B3C1-3EA06F77EA89,Bodenbelaege,"2K-Fliessbelag Industrie (Epoxidharz), 2.25 mm",91.002,"Entsorgung, 2K-Fliessbelag Industrie",4.55,m2,41700,33500,8240,67,64,55,9,2,2,1,1,0,0,65,63,54,9,2,18.4,11.1,7.24,0,"Revêtement coulé à 2 comp., industrie (résine époxy), 2,25 mm","Élimination, revêtement coulé à 2 comp. industrie"
11.002,4E8C7D2C-2FC7-4E38-AB39-049E58E9CFCC,Bodenbelaege,"2K-Fliessbelag Wohnen/Verwaltung (Epoxidharz, PU), 2 mm",91.003,"Entsorgung, 2K-Fliessbelag Wohnen",3.6,m2,25800,21300,4540,64,63,60,2,2,2,2,2,0,0,62,61,58,2,1,13.9,10,3.87,0,"Revêtement coulé à 2 comp., habitation/admin. (résine époxy PU), 2 mm","Élimination, revêtement coulé à 2 comp. Habitation"
11.003,2F71DB77-CF3D-49DC-8DCA-C25203ED860B,Bodenbelaege,"Gummigranulat versiegelt, 7.5 mm",91.004,"Entsorgung, Bodenbelag organisch, Gummigranulat",8.25,m2,38800,25400,13400,115,112,94,18,3,3,2,2,0,0,113,110,92,18,3,26.8,14.9,11.9,0,"Caoutchouc granulé, vitrifié, 7,5 mm","Élimination, revêtement organique, granulés de caoutchouc"
11.004,B0C749DA-292B-417D-8E38-65766E052FBC,Bodenbelaege,"Gussasphalt, 27.5 mm",91.001,"Entsorgung, Asphalt, 0.1% Wasser, in Reaktordeponie",63.3,m2,33700,24600,9070,129,124,65,58,6,3,3,3,0,0,126,120,62,58,5,15.9,14.7,1.22,0,"Asphalte coulé, 27,5 mm","Élimination, asphalte, 0,1 % d'eau, dans une décharge bioactive"
11.005,FC78B567-FFF2-432F-98A2-07A1420AA8BD,Bodenbelaege,"Hartbeton einschichtig, 27.5 mm",91.005,"Entsorgung, Bodenbelag, Hartbeton einschichtig",57.8,m2,26500,24100,2460,49,46,46,0,3,2,2,2,0,0,47,44,44,0,3,16.4,15.7,0.733,0,"Béton dur, 1 couche, 27,5 mm","Élimination, revêtement, béton dur, 1 couche"
11.006,160EF365-BB74-41C8-AF40-5256811D83C3,Bodenbelaege,"Hartbeton zweischichtig, 35 mm",91.006,"Entsorgung, Bodenbelag, Hartbeton zweischichtig",73.5,m2,27200,24100,3120,44,40,40,0,4,2,2,2,0,0,42,38,38,0,4,16.4,15.4,0.932,0,"Béton dur, 2 couches, 35 mm","Élimination, revêtement, béton dur, 2 couches"
11.007,63EE2517-0078-4246-B833-08D253528653,Bodenbelaege,"Kautschuk, 2 mm",91.007,"Entsorgung, Bodenbelag, Kautschuk",3.36,m2,24200,20400,3750,71,70,62,7,1,10,10,10,0,0,61,60,53,7,1,14.1,11,3.19,0,"Caoutchouc, 2 mm","Élimination, revêtement, caoutchouc"
11.008,414EEBBE-85C4-4869-A411-29C0097ADA38,Bodenbelaege,"Keramik-/Steinzeugplatte, 9 mm",91.152,"Entsorgung, Keramikziegel",18,m2,86800,73000,13800,88,70,70,0,18,4,4,4,0,1,83,66,66,0,17,18.1,14,4.11,0,"Dalle en céramique/grès, 9 mm","Élimination, tuiles en céramique"
11.009,09B8473A-DDB4-42D4-977E-C9CA914B54AC,Bodenbelaege,"Kork Fertigparkett, 10.5 mm",91.008,"Entsorgung, Korkparkett",7.8,m2,15500,13400,2130,84,83,46,37,1,39,39,8,31,0,45,44,38,6,1,9.06,7.77,1.3,3,"Parquet préfabriqué en liège, 10,5 mm","Élimination, parquet en liège"
11.01,BF645614-152F-4820-8AA9-45B474C60CE2,Bodenbelaege,"Kork PVC-beschichtet, 3.2 mm",91.009,"Entsorgung, Bodenbelag, Kork PVC-beschichtet",2.7,m2,11900,7890,4060,43,42,32,10,2,8,8,3,6,0,35,33,29,4,1,8.28,4.75,3.52,1,"Parquet en liège, revêtement PVC, 3,2 mm ","Élimination, revêtement, liège, revêtement PVC"
11.011,32D89BCF-BBDA-4EC1-B2B8-E4EE731B5D82,Bodenbelaege,"Korkparkett geoelt/versiegelt, 5.3 mm",91.008,"Entsorgung, Korkparkett",2.7,m2,5960,3830,2130,24.4,23,16,7,1,12.3,12,5,7,0,12.1,11,11,0,1,3.26,1.96,1.3,1,"Parquet en liège, huilé et vitrifié, 5,3 mm ","Élimination, parquet en liège"
11.012,D6E43E7F-94A3-46BC-8327-A37DC2283E3A,Bodenbelaege,"Kunststeinplatte zementgebunden, 10 mm",91.153,"Entsorgung, Kunststeinziegel",21.5,m2,25700,6100,19600,32.1,7,7,0,25,1.8,1,1,0,1,30.4,6,6,0,24,10.4,4.51,5.86,0,"Dalle en pierre artificielle, liée au ciment, 10 mm","Élimination, tuiles en pierre artificielle"
11.013,927E7BE7-E17F-4B77-B6A5-F1E755ED4C9D,Bodenbelaege,"Laminat, 8.5 mm",91.011,"Entsorgung, Laminat, 5% Bindemittel",8.5,m2,16600,13600,2970,81,79,31,49,2,38,38,3,35,0,43,41,28,13,1,10.4,8.1,2.3,2,"Stratifiés, 8,5 mm","Élimination, revêtement, stratifiés, agent liant 5 %"
11.014,219ECD16-D974-452B-9D34-CB93A1C2087D,Bodenbelaege,"Linoleum, 2.5 mm",91.012,"Entsorgung, Linoleum, 15% Bindemittel",2.9,m2,15800,15100,728,46,45,35,10,0,19,19,9,10,0,26.3,26,26,0,0,6.36,5.84,0.516,1,"Linoléum, 2,5 mm","Élimination, revêtement, linoléum, agent liant 15 %"
11.015,A94BDF7C-82AA-49BB-A7D8-BA6C9DE53D49,Bodenbelaege,"Natursteinplatte geschliffen, 15 mm",91.154,"Entsorgung, Natursteinziegel",40.5,m2,41800,40100,1720,138,135,135,0,2,19,19,19,0,0,118,116,116,0,2,16.8,16.3,0.514,0,"Dalle en pierre naturelle rectifiée, 15 mm","Élimination, tuiles en pierre naturelle"
11.015.01,C5248FB7-477A-414E-9767-D520A592AD8F,Bodenbelaege,"Natursteinplatte geschliffen, Europa, 15 mm",91.154,"Entsorgung, Natursteinziegel",40.5,m2,40600,38900,1720,137,135,135,0,2,19.4,19,19,0,0,117,115,115,0,2,16.6,16,0.514,0,"Dalle en pierre naturelle rectifiée, Europe, 15 mm","Élimination, tuiles en pierre naturelle"
11.015.02,31E6D875-1CEC-4AB8-BA9F-4515F540EF64,Bodenbelaege,"Natursteinplatte geschliffen, Schweiz, 15 mm",91.154,"Entsorgung, Natursteinziegel",40.5,m2,34700,33000,1720,123,120,120,0,2,18.8,19,19,0,0,104,102,102,0,2,13.3,12.8,0.514,0,"Dalle en pierre naturelle rectifiée, Suisse, 15 mm","Élimination, tuiles en pierre naturelle"
11.015.03,8248313F-D90D-4DE8-B4A4-B9DBE3FD1D47,Bodenbelaege,"Natursteinplatte geschliffen, uebersee, 15 mm",91.154,"Entsorgung, Natursteinziegel",40.5,m2,44400,42700,1720,142,140,140,0,2,19.4,19,19,0,0,122,120,120,0,2,17.9,17.4,0.514,0,"Dalle en pierre naturelle rectifiée, d'outre-mer, 15 mm","Élimination, tuiles en pierre naturelle"
11.016,09C392C6-F1C7-421F-B4DA-536C97AB36C7,Bodenbelaege,"Natursteinplatte geschnitten, 15 mm",91.154,"Entsorgung, Natursteinziegel",40.5,m2,31900,30200,1720,101,99,99,0,2,13,13,13,0,0,88,86,86,0,2,13.4,12.9,0.514,0,"Dalle en pierre naturelle coupée, 15 mm","Élimination, tuiles en pierre naturelle"
11.017,09098784-8F4C-4C60-BD8D-39EB2145D8C4,Bodenbelaege,"Natursteinplatte poliert, 15 mm",91.154,"Entsorgung, Natursteinziegel",40.5,m2,69600,67900,1720,168,166,166,0,2,25,25,25,0,0,144,142,142,0,2,19.6,19.1,0.514,0,"Dalle en pierre naturelle polie, 15 mm","Élimination, tuiles en pierre naturelle"
11.018,E7E6539A-A99C-41CA-B367-9F23E95AB60B,Bodenbelaege,"Parkett 2-Schicht werkversiegelt, 11 mm",91.013,"Entsorgung, Holzparkett, 2-Schicht",6.1,m2,16100,15600,490,130,129,99,30,1,88,88,58,29,0,42,42,41,1,1,7.8,7.46,0.34,3,"Parquet, 2 plis, vitrifié d'usine, 11 mm","Élimination, revêtement, parquet 2 plis"
11.019,3A16EE50-78D2-41C3-B04C-081938045128,Bodenbelaege,"Parkett 3-Schicht werkversiegelt, 15 mm",91.014,"Entsorgung, Holzparkett, 3-Schicht",7.9,m2,18100,17500,635,186,185,145,40,1,145,145,106,39,0,40,40,39,1,1,8.1,7.65,0.44,4,"Parquet, 3 plis, vitrifié d'usine, 15 mm","Élimination, revêtement, parquet 3 plis"
11.02,3CBF6DF7-FB0E-43EC-B297-DFBA6B9E4283,Bodenbelaege,"Parkett Mosaik werkversiegelt, 8 mm",91.015,"Entsorgung, Holzparkett Mosaik",5.6,m2,9010,8660,352,113,113,88,25,1,90,90,65,25,0,23,23,23,0,0,3.6,3.35,0.22,2,"Parquet type mosaïque, vitrifié d'usine, 8 mm","Élimination, revêtement, parquet mosaïque"
11.021,07714EA8-1659-4E92-BF5B-CE52120C7B4F,Bodenbelaege,"PVC homogen, 2 mm",91.016,"Entsorgung, Kunststoffe, PVC",3.1,m2,20600,13400,7140,60,57,49,8,3,2,2,2,0,0,58,55,47,8,3,14.4,8.16,6.22,0,"PVC homogène, 2 mm","Élimination, plastique, PVC"
11.022,9C7A2743-77DD-4CE8-B1C7-A412157B907C,Bodenbelaege,"Steinholz versiegelt, 16.5 mm",91.017,"Entsorgung, Steinholzboden",22,m2,16400,15400,934,26.1,25,25,0,1,1,1,1,0,0,25.1,24,24,0,1,12.9,12.7,0.279,0,"Xylolithe, vitrifié, 16.5 mm","Élimination, revêtement de sol de xylolithe"
11.023,C8140CBD-C5D3-40B0-9AEF-498C98AD7909,Bodenbelaege,"Synthetische thermoplastische Belaege (TPO), 2 mm",91.018,"Entsorgung, synthetische thermoplastische Belaege (TPO)",3.4,m2,20000,9510,10400,46,46,33,12,1,3,3,3,0,0,43,43,30,12,1,16,5.87,10.1,0,"Revêtements synthétiques, thermoplastiques (POT), 2 mm","Élimination, revêtements synthétiques, thermoplastiques (POT)"
11.024,92E45A3D-900C-4492-ADA8-61B2DD0019C8,Bodenbelaege,Teppich Kunstfaser getuftet,91.019,"Entsorgung, Teppich Kunstfaser getuftet",2.1,m2,21100,14700,6470,51,50,39,11,0,1,1,1,0,0,50,50,38,11,0,16.7,10.5,6.25,0,"Moquette en fibres synthétiques, tuftée","Élimination, moquette en fibres synthétiques, tuftée"
11.025,E5FD6450-C5AC-4847-BCCD-D0F029C154E6,Bodenbelaege,Teppich Nadelfilz,91.02,"Entsorgung, Teppich Nadelfilz",1.3,m2,12700,8700,4010,35,35,24,10,0,1,1,1,0,0,34,34,24,10,0,9.84,5.97,3.87,0,Moquette en feutre aiguilleté,"Élimination, moquette en feutre aiguilleté"
11.026,9C22D41F-BB8A-428D-A09A-853D819ABCDF,Bodenbelaege,Teppich Naturfaser,91.021,"Entsorgung, Teppich Naturfaser",2.7,m2,15300,13200,2070,26.3,26,14,12,0,10.9,11,1,9,0,15.5,15,13,2,0,5.08,3.22,1.85,1,Moquette en fibres naturelles,"Élimination, moquette en fibres naturelles"
11.027,3C9838E9-2A6B-46EF-B6B7-E310A1B0A6B8,Bodenbelaege,"Terrazzo versiegelt, 40 mm",91.022,"Entsorgung, Terrazzo",95,m2,28100,24100,4040,45,40,40,0,5,4,4,4,0,0,41,36,36,0,5,17.3,16.1,1.2,0,"Terrazzo vitrifié, 40 mm","Élimination, terrazzo"
12.005,35881663-8dbf-472c-8690-957d157a54a2,Tueren,"Aussentuere, Aluminium, Glaseinsatz",91.162,"Entsorgung, Aussentuere, Aluminium, Glaseinsatz",-,m2,394000,377000,17300,1030,1020,1020,0,6,116,116,116,0,0,911,906,906,0,5,216,201,14.8,0,"Portes extérieures aluminium, avec vitrage","Élimination, porte extérieure, aluminium, plaque de verre"
12.006,2c4d1c2a-496b-4d2f-8e9f-ce621e4a1afb,Tueren,"Aussentuere, Aluminium, Paneelfuellung",91.163,"Entsorgung, Aussentuere, Aluminium, Paneelfuellung",-,m2,385000,374000,10500,979,978,978,0,1,142,142,142,0,0,837,836,836,0,1,192,182,10,0,"Portes extérieures aluminium, avec panneau","Élimination, porte extérieure, aluminium, remplissage des panneaux"
12.008,ff27a77b-badc-4527-9373-29f79906804c,Tueren,"Aussentuere, Holz",91.164,"Entsorgung, Gebaeude, Aussentuere, Holz",-,m2,125000,116000,9270,548,543,336,207,4,283,283,102,181,0,265,260,234,26,4,62.2,54.6,7.64,16,Portes extérieures bois,"Élimination, bâtiment, porte extérieure, bois"
12.001,4C49FCC1-4EF1-41DC-8754-E19D12D113FA,Tueren,"Aussentuere, Holz, aluminiumbeplankt",91.024,"Entsorgung, Gebaeude, Aussentuere, Holz-Aluminium",-,m2,231000,222000,9270,833,829,622,207,4,328,328,147,181,0,505,501,475,26,4,116,108,7.64,16,"Portes extérieures bois, doublées alu ","Élimination, bâtiment, portes extérieures bois-aluminium"
12.002,1B535A14-092B-4B01-9882-459671D72379,Tueren,"Aussentuere, Holz, Glaseinsatz",91.025,"Entsorgung, Gebaeude, Aussentuere, Holz-Glas",-,m2,161000,148000,12100,605,598,424,175,7,246,246,93,153,0,359,352,331,21,6,85.7,76,9.7,13,"Portes extérieures bois, avec vitrage","Élimination, bâtiment, portes extérieures bois-verre"
12.007,70161147-1156-4b2d-b954-d6592929a8ef,Tueren,"Innentuere, Aluminium, Glaseinsatz",91.165,"Entsorgung, Innentuere, Aluminium, Glaseinsatz",-,m2,315000,305000,10500,825,822,822,0,4,103,103,103,0,0,722,719,719,0,4,166,157,8.71,0,"Portes intérieures aluminium, avec vitrage","Élimination, porte intérieure, aluminium, vitrage"
12.009,bfa8d003-c41c-4c53-9875-5c924683a1d2,Tueren,"Innentuere, Funktionstuere, Holz, Holzrahmen",91.166,"Entsorgung, Gebaeude, Funktionstuere, Holz, Holzrahmen",-,m2,87800,79200,8530,470,465,246,218,5,279,279,88,191,0,190,185,158,28,5,44.3,37.4,6.86,17,"Porte intérieure, porte fonctionnelle, bois, cadre en bois","Élimination, bâtiment, porte fonctionnelle, bois, cadre en bois"
12.012,0be05dde-ba72-4acc-bf8d-278e526584d7,Tueren,"Innentuere, Funktionstuere, Holz, Stahlzarge",91.167,"Entsorgung, Gebaeude, Funktionstuere, Holz, Stahlzarge",-,m2,181000,173000,7920,588,584,419,164,5,231,231,93,138,0,357,352,326,26,4,96.8,90.3,6.46,14,"Porte intérieure, porte fonctionnelle, bois, huisserie en acier","Élimination, bâtiment, porte fonctionnelle, bois, cadre en acier"
12.004,A1868DC5-9456-4291-865A-499B33A5FCD1,Tueren,"Innentuere, Zimmertuere, Holz, Glaseinsatz, Holzrahmen",91.034,"Entsorgung, Gebaeude, Innentuere, Holz, Glaseinsatz, Holzrahmen",-,m2,109000,99800,8880,455,449,307,142,6,200,200,73,127,0,255,249,234,15,5,59.7,52.8,6.92,11,"Porte intérieure, porte de chambre, bois, vitrage, cadre en bois","Élimination, bâtiment, portes intérieures bois-verre"
12.011,baf5dab7-6a2d-47f6-a64c-867e2227b969,Tueren,"Innentuere, Zimmertuere, Holz, Glaseinsatz, Stahlzarge",91.168,"Entsorgung, Gebaeude, Innentuere, Holz, Glaseinsatz, Stahlzarge",-,m2,202000,193000,8270,573,568,480,88,5,152,152,77,74,0,421,416,403,14,5,112,106,6.53,7,"Porte intérieure, porte de chambre, bois, vitrage, huisserie en acier","Élimination, bâtiment, porte intérieure, bois, vitrage, cadre en acier"
12.003,767D89CB-9927-4BDD-ACD3-FCC79C32B97E,Tueren,"Innentuere, Zimmertuere, Holz, Holzrahmen",91.035,"Entsorgung, Gebaeude, Innentuere, Holz, Holzrahmen",-,m2,64500,57800,6700,346,343,185,158,4,206,206,67,139,0,141,137,118,19,3,32.3,26.9,5.39,12,"Porte intérieure, porte de chambre, bois, cadre en bois","Élimination, bâtiment, portes intérieures bois, cadre en bois"
12.01,0ea0aaec-c7a6-42ab-97cb-d02848277eb6,Tueren,"Innentuere, Zimmertuere, Holz, Stahlzarge",91.169,"Entsorgung, Gebaeude, Innentuere, Holz, Stahlzarge",-,m2,157000,151000,6090,465,462,358,104,3,158,158,72,86,0,307,304,287,18,3,84.8,79.8,5,9,"Porte intérieure, porte de chambre, bois, huisserie en acier","Élimination, bâtiment, porte intérieure, bois, cadre en acier"
13.001,D145CC3E-3828-487D-8C94-C2CDC23BF922,Rohre,Acrylnitril-Butadien-Styrol (ABS),91.155,"Entsorgung, Kunststoff-Rohre, ABS",1050,kg,9770,6790,2980,30,30,21,9,1,0,0,0,0,0,30,29,21,9,1,7.67,4.92,2.75,0,Acrylonitril-butadiène-styrène (ABS),"Élimination, tuyaux en plastique, ABS"
13.005,BF5ADE50-BDAD-419B-B7E5-9A3F7F6938A3,Rohre,Gusseisen,91.143,"Entsorgung, Stahl",7850,kg,5660,5650,11,5.7,6,6,0,0,0.3,0,0,0,0,5.5,5,5,0,0,2.09,2.09,0.01,0,Fer de fonte,"Élimination, acier"
13.002,0DB3712B-3B7E-44BB-B56C-A49DDED3D465,Rohre,Polyethylen (PE),91.174,"Entsorgung, Kunststoffrohre, PE oder PP",960,kg,6020,3570,2450,23.8,24,12,12,0,0.5,1,1,0,0,23.2,23,11,12,0,4.75,2.38,2.37,0,Polyéthylène (HDPE),"Élimination, tuyau plastique en PE ou PP"
13.003,92B2EFB8-9F95-47EC-963D-114CBE430246,Rohre,Polypropylen (PP),91.174,"Entsorgung, Kunststoffrohre, PE oder PP",910,kg,6050,3600,2450,23.2,23,11,12,0,0.4,0,0,0,0,22.7,23,11,12,0,4.77,2.4,2.37,0,Polypropylène (PP),"Élimination, tuyau plastique en PE ou PP"
13.004,5A6449C2-62A0-4A42-BF6D-F1E33F5F9480,Rohre,Polyvinylchlorid (PVC),91.156,"Entsorgung, Kunststoff-Rohre, PVC",1390,kg,6240,3880,2370,20.2,19,13,6,1,0.6,1,1,0,0,19.5,18,12,6,1,4.48,2.38,2.1,0,Chlorure de polyvinyle (PVC),"Élimination, tuyau plastique en PVC"
14.002,07DD2F56-133A-4FBF-A39B-1D374248EB2A,"Anstrichstoffe, Beschichtungen","Anstrich, loesemittelverduennbar, 2 Anstriche",91.023,"Entsorgung, Farbe, 2 Schichten",0.3,m2,2260,2190,71,7,7,6,1,0,0.4,0,0,0,0,6.6,7,6,1,0,0.975,0.919,0.056,0,"Enduit, diluable au solvant, 2 couches","Élimination, peinture sur bois, 2 couches"
14.001,10ACA0B7-B75D-4F51-A3AB-976B923ACA8A,"Anstrichstoffe, Beschichtungen","Anstrich, wasserverduennbar, 2 Anstriche",91.023,"Entsorgung, Farbe, 2 Schichten",0.3,m2,1220,1150,71,4.3,4,3,1,0,0.1,0,0,0,0,4.2,4,3,1,0,0.701,0.645,0.056,0,"Enduit, diluable à l'eau, 2 couches","Élimination, peinture sur bois, 2 couches"
14.003,1165EF5A-E1A2-4C0D-9307-622DEE107999,"Anstrichstoffe, Beschichtungen","Bitumenemulsion, 1 Anstrich",91.157,"Entsorgung, Farbe, 1 Schicht",0.25,m2,428,369,59,1.87,2,1,1,0,0.02,0,0,0,0,1.9,2,1,1,0,0.181,0.134,0.047,0,"Émulsion de bitume, 1 couche","Élimination, peinture, 1 couche"
14.004,F45B12F5-FF80-528A-2C76-A6DABD38F684,"Anstrichstoffe, Beschichtungen","Emaillieren, Metall",-,keine,-,m2,16400,16400,0,47,47,47,0,0,4,4,4,0,0,43,43,43,0,0,8.11,8.11,0,0,"Émaillage, métal",Aucune
14.005,68569EAE-A2FA-E096-D678-497AB362BCCF,"Anstrichstoffe, Beschichtungen","Pulverbeschichten, Aluminium",-,keine,-,m2,6260,6260,0,17.1,17,17,0,0,0.6,1,1,0,0,16.6,17,17,0,0,3.64,3.64,0,0,"Revêtement pulvérisé, aluminium",Aucune 
14.006,E9266136-2E91-997B-5E48-CA88AB77279C,"Anstrichstoffe, Beschichtungen","Pulverbeschichten, Stahl",-,keine,-,m2,6750,6750,0,21.8,22,22,0,0,0.7,1,1,0,0,21.1,21,21,0,0,4.38,4.38,0,0,"Revêtement pulvérisé, acier",Aucune 
14.007,3FDD883B-8EDA-4735-987C-5D7CF46F1004,"Anstrichstoffe, Beschichtungen","Verchromen, Stahl",-,keine,-,m2,6320,6320,0,5.3,5,5,0,0,0.9,1,1,0,0,4.5,4,4,0,0,0.609,0.609,0,0,"Chromage, acier",Aucune 
14.008,AAF77F9A-FE78-41CD-BAD5-16DAA6238CC2,"Anstrichstoffe, Beschichtungen","Verzinken, Stahl",-,keine,-,m2,29500,29500,0,28,28,28,0,0,3,3,3,0,0,25.5,26,26,0,0,6.09,6.09,0,0,"Zincage, acier",Aucune
15.001,78087965-417E-4763-B8B5-4A7910943363,Kunststoffe,"Plexiglas (PMMA, Acrylglas)",91.158,"Entsorgung, Kunststoffe aus reinen Kohlenwasserstoffen",1180,kg,14800,11700,3090,41,40,33,8,0,0,0,0,0,0,40,40,32,8,0,11.6,8.68,2.92,0,"Plexiglas (PMMA, verre acrylique)","Élimination, matières plastiques d'hydrocarbures purs"
15.002,A5671823-5D7E-A4B1-2A9F-C32E6CA3BCB9,Kunststoffe,Polyamid (PA) glasfaserverstaerkt,91.159,"Entsorgung, Kunststoffe, stickstoffhaltig",1360,kg,15200,12300,2910,41,41,37,4,1,1,1,1,0,0,40,40,36,4,1,11.5,8.89,2.62,0,Polyamide (PA) renforcé par des fibres de verre ,"Élimination, matières plastiques, contenant de l'azote"
15.003,464C8985-D30C-40EC-8B26-7E107BCF7F1A,Kunststoffe,Polycarbonat (PC),91.158,"Entsorgung, Kunststoffe aus reinen Kohlenwasserstoffen",1200,kg,15900,12800,3090,32,32,26,6,0,0,0,0,0,0,32,32,26,6,0,11.4,8.49,2.92,0,Polycarbonate (PC),"Élimination, matières plastiques d'hydrocarbures purs"
15.004,993A7227-F17D-4BFA-8B37-C62C13DC42F5,Kunststoffe,Polyester (UP) glasfaserverstaerkt,91.158,"Entsorgung, Kunststoffe aus reinen Kohlenwasserstoffen",1500,kg,13800,10700,3090,32.8,33,29,4,0,1.5,1,1,0,0,31.3,31,27,4,0,9.84,6.92,2.92,0,Polyester (UP) renforcé par des fibres de verre,"Élimination, matières plastiques d'hydrocarbures purs"
15.005,CBDADEEB-3B93-32E4-6504-08EF289B6D9B,Kunststoffe,Polystyrol (PS),91.16,"Entsorgung, Polystyrol",1050,kg,8170,4880,3280,25,25,14,11,0,0,0,0,0,0,24.6,24,14,11,0,6.72,3.64,3.08,0,Polystyrène (PS),"Élimination, polystyrène"
21.001,3C36CA50-3B4E-44CA-8240-EB4B75A84B68,Kuecheneinbauten und -moebel,Abfalltrennsystem,91.123,"Entsorgung, Abfalltrennsystem",-,Stk.,35300,26500,8760,130,129,126,4,1,17,17,17,0,0,113,112,109,4,1,24.2,16.1,8.13,0,Système de tri des déchets,"Élimination, système de tri des déchets"
21.002,FC7C4727-B6B9-45A9-9AB9-53EE5C039FB2,Kuecheneinbauten und -moebel,"Arbeitsplatte Chromstahl, high-end",91.161,"Entsorgung, Arbeitsplatte Chromstahl, High-End",-,m2,836000,836000,708,1710,1710,1710,0,2,450,450,450,0,0,1260,1260,1260,0,2,332,332,0.44,0,"Plan de travail en acier chromé, haut de gamme","Élimination, plan de travail acier chromé, haut de gamme"
21.003,59550658-97D9-44D0-A19E-69C1434953F0,Kuecheneinbauten und -moebel,"Arbeitsplatte Chromstahl, Standard",91.124,"Entsorgung, Arbeitsplatte Chromstahl, Standard",-,m2,137000,136000,1420,313,312,257,54,2,89,89,45,44,0,224,223,212,11,1,56.8,55.7,1.05,5,"Plan de travail en acier chromé, standard","Élimination, plan de travail en acier chromé, standard"
21.004,BA8B90B0-9DF2-4B24-9C2E-2771662E958F,Kuecheneinbauten und -moebel,Arbeitsplatte Kompositwerkstoff (auf Aluminiumhydroxidbasis),91.125,"Entsorgung, Arbeitsplatte Kompositwerkstoff (auf Aluminiumhydroxidbasis)",-,m2,137000,116000,20800,361,356,303,53,5,6,6,6,0,0,355,350,297,53,4,95.5,76.2,19.2,0,Plan de travail en matériau composite (base: hydroxyde d'aluminium),"Élimination, plan de travail en matériau composite (base: hydroxyde d'aluminium)"
21.005,77DCCEBD-760E-4534-9BF9-975E037EB3A0,Kuecheneinbauten und -moebel,Arbeitsplatte kunstharzbeschichtet,91.126,"Entsorgung, Arbeitsplatte kunstharzbeschichtet",-,m2,34200,32600,1550,250,249,124,125,1,148,148,49,99,0,102,101,75,26,1,20.2,19,1.2,12,Plan de travail en résine synthétique,"Élimination, plan de travail en résine synthétique"
21.006,FF8F7027-E9C1-4AD4-9E47-7DDB0F44CCEE,Kuecheneinbauten und -moebel,Arbeitsplatte Massivholz,91.127,"Entsorgung, Arbeitsplatte Massivholz",-,m2,27400,26000,1480,396,394,256,138,2,335,335,206,129,0,61,59,50,9,2,12.6,11.7,0.92,6,Plan de travail en bois massif,"Élimination, plan de travail en bois massif"
21.007,F6E3D922-9AB9-43AF-8913-DAEEA4FBE722,Kuecheneinbauten und -moebel,Arbeitsplatte Naturstein,91.136,"Entsorgung, Baumaterialien, mineralisch, unspezifisch",-,m2,158000,155000,3510,427,423,423,0,5,72,71,71,0,0,356,351,351,0,4,41.1,40,1.05,0,Plan de travail en pierre naturelle,"Élimination, bâtiment, brique en terre cuite, élimination"
21.008,84ED90B6-CBDF-4F8D-845B-272346268676,Kuecheneinbauten und -moebel,Dampfabzug,91.129,"Entsorgung, Dampfabzug",-,Stk.,356000,338000,17700,667,666,666,0,1,69,69,69,0,0,598,596,596,0,1,151,133,17.1,0,Hotte de ventilation,"Élimination, hotte de ventilation"
21.009,179EF39A-FF60-4845-9534-8D73EF207C47,Kuecheneinbauten und -moebel,"Kueche, Massivholz, 16-teilig",91.13,"Entsorgung, Kueche, Massivholz, 16-teilig",-,Stk.,1000000,942000,62600,7020,6980,4950,2030,41,5040,5040,3140,1900,2,1980,1940,1810,129,38,470,418,51.3,160,"Cuisine, bois massif, 16 éléments","Élimination, cuisine, bois massif, 16 éléments"
21.01,6927B923-0CE9-404D-B3A9-98914ED31E83,Kuecheneinbauten und -moebel,"Kueche, Metall, 16-teilig",91.131,"Entsorgung, Kueche, Metall, 16-teilig",-,Stk.,6610000,6550000,54300,10900,10900,10900,67,5,682,682,615,67,0,10300,10200,10200,0,5,2770,2720,51,3,"Cuisine, métal, 16 éléments","Élimination, cuisine, métal, 16 éléments"
21.011,FADC1641-F855-4888-B0BB-42B23153ED97,Kuecheneinbauten und -moebel,"Kueche, Spanplatte, 16-teilig",91.132,"Entsorgung, Kueche, Spanplatte, 16-teilig",-,Stk.,1200000,1110000,91000,5400,5340,2880,2460,60,2530,2520,599,1930,3,2870,2810,2280,531,56,632,557,74.8,223,"Cuisine, bois reconstitué, 16 éléments","Élimination, cuisine, bois reconstitué, 16 éléments"
21.012,12ADE34B-2318-4E01-89C0-4A690DF416D3,Kuecheneinbauten und -moebel,Spuele Chromstahl,91.133,"Entsorgung, Spuele Chromstahl",-,Stk.,110000,105000,5330,254,254,254,0,1,41,41,41,0,0,213,213,213,0,1,48.6,43.6,4.92,0,Armoire-évier en acier chromé,"Élimination, armoire-évier en acier chromé"
21.013,77603615-1C21-4F15-A9A7-3194EA13EEE8,Kuecheneinbauten und -moebel,Spuele Kompositwerkstoff (auf Gesteinsmehlbasis),91.134,"Entsorgung, Spuele Kompositwerkstoff (auf Gesteinsmehlbasis)",-,Stk.,46600,46000,595,160,159,143,17,1,16,16,16,0,0,144,143,126,17,1,30.7,30.5,0.18,0,Armoire-évier en matières composites (base: poudre de roche),"Élimination, armoire-évier en matières composites (base: poudre de roche)"
